{"_via_settings":{"ui":{"annotation_editor_height":25,"annotation_editor_fontsize":0.8,"leftsidebar_width":18,"image_grid":{"img_height":80,"rshape_fill":"none","rshape_fill_opacity":0.3,"rshape_stroke":"yellow","rshape_stroke_width":2,"show_region_shape":true,"show_image_policy":"all"},"image":{"region_label":"__via_region_id__","region_color":"__via_default_region_color__","region_label_font":"10px Sans","on_image_annotation_editor_placement":"NEAR_REGION"}},"core":{"buffer_size":18,"filepath":{},"default_filepath":""},"project":{"name":"segmentation_train_28Oct2020_12h9m"}},"_via_img_metadata":{"cat_1.jpg321968":{"filename":"cat_1.jpg","size":321968,"regions":[{"shape_attributes":{"name":"polyline","all_points_x":[123,129,153,186,192,206,235,240,238,216,201,208,182,164,157,140,133,121,124,124],"all_points_y":[312,339,370,388,405,392,329,295,281,295,303,300,293,284,279,274,288,291,310,312]},"region_attributes":{"CAT":"ear_r"}},{"shape_attributes":{"name":"polyline","all_points_x":[392,400,422,457,472,482,479,445,428,405,394,394,388,392],"all_points_y":[463,443,434,419,400,385,376,363,359,370,394,417,436,467]},"region_attributes":{"CAT":"ear_l"}},{"shape_attributes":{"name":"polyline","all_points_x":[167,162,187,206,232,249,273,312,341,373,453,465,475,479,457,409,358,310,274,240,181,165],"all_points_y":[390,450,506,542,566,601,617,622,615,581,525,503,428,397,358,307,279,262,262,283,375,395]},"region_attributes":{"CAT":"head"}},{"shape_attributes":{"name":"polyline","all_points_x":[848,903,949,988,1017,1025,1020,981,942,876,814,773,763,734,809,836,836,819,830,855,848,848],"all_points_y":[588,552,504,485,375,371,324,244,203,191,172,177,204,233,281,305,336,395,451,474,516,588]},"region_attributes":{"CAT":"tail"}},{"shape_attributes":{"name":"polyline","all_points_x":[417,388,380,375,351,342,359,394,419,436,475,497,545,569,537,518,434,417],"all_points_y":[651,693,724,765,777,813,840,848,843,821,773,761,678,623,588,593,632,651]},"region_attributes":{"CAT":"fpaw_l"}},{"shape_attributes":{"name":"polyline","all_points_x":[312,276,276,276,281,322,324,324,356,404,407,407,387,378,371,363,349,308],"all_points_y":[775,753,738,726,715,693,673,658,632,596,639,663,695,731,750,760,770,777]},"region_attributes":{"CAT":"fpaw_r"}},{"shape_attributes":{"name":"polyline","all_points_x":[499,562,623,659,652,559,518,506,501],"all_points_y":[293,274,278,397,468,460,446,330,296]},"region_attributes":{"CAT":"whiter"}}],"file_attributes":{}},"cat_2.jpg347750":{"filename":"cat_2.jpg","size":347750,"regions":[{"shape_attributes":{"name":"polyline","all_points_x":[549,606,633,655,685,708,718,727,737,737,666,645,637,628,616,581,549],"all_points_y":[768,907,938,961,988,1045,1051,1049,1020,974,870,830,789,751,726,755,768]},"region_attributes":{"CAT":"tail"}},{"shape_attributes":{"name":"polyline","all_points_x":[356,347,362,370,383,408,435,418,402,400,370,354],"all_points_y":[531,511,493,488,477,462,460,477,504,520,531,529]},"region_attributes":{"CAT":"fpaw_r"}},{"shape_attributes":{"name":"polyline","all_points_x":[416,420,427,437,470,493,532,547,522,470,441,425,404,396,408,419],"all_points_y":[559,558,533,506,491,474,458,433,408,433,456,466,504,554,567,560]},"region_attributes":{"CAT":"fpaw_l"}},{"shape_attributes":{"name":"polyline","all_points_x":[556,524,595,633,623,585,569,556],"all_points_y":[325,350,416,400,384,343,327,327]},"region_attributes":{"CAT":"whiter"}},{"shape_attributes":{"name":"polyline","all_points_x":[391,415,425,437,439,439,438,393,377,368,374,370,376],"all_points_y":[425,427,427,412,377,325,288,314,337,358,385,410,413]},"region_attributes":{"CAT":"head"}},{"shape_attributes":{"name":"polyline","all_points_x":[385,400,421,404,383,379,385],"all_points_y":[314,335,315,298,291,306,314]},"region_attributes":{"CAT":"ear_l"}},{"shape_attributes":{"name":"polyline","all_points_x":[389,388,388,405,414,420,398,390],"all_points_y":[282,287,293,299,307,297,284,282]},"region_attributes":{"CAT":"ear_r"}}],"file_attributes":{}},"cat_3.jpg147819":{"filename":"cat_3.jpg","size":147819,"regions":[{"shape_attributes":{"name":"polyline","all_points_x":[16,23,49,412,402,392,385,378,338,76,50,15,16],"all_points_y":[784,796,804,808,800,784,756,743,737,755,758,780,786]},"region_attributes":{"CAT":"tail"}},{"shape_attributes":{"name":"polyline","all_points_x":[758,748,713,666,649,643,666,670,711,726,753,760],"all_points_y":[676,679,685,690,684,671,634,632,606,604,660,677]},"region_attributes":{"CAT":"ear_r"}},{"shape_attributes":{"name":"polyline","all_points_x":[714,682,658,640,635,635,642,703,721,715],"all_points_y":[530,527,504,485,473,461,457,464,471,532]},"region_attributes":{"CAT":"ear_l"}},{"shape_attributes":{"name":"polyline","all_points_x":[739,779,811,849,870,898,907,894,884,863,841,821,786,757,736,707,691,692,719,741],"all_points_y":[470,470,479,492,505,522,562,592,604,612,654,670,684,685,686,650,554,522,470,472]},"region_attributes":{"CAT":"head"}},{"shape_attributes":{"name":"polyline","all_points_x":[741,770,779,772,750,721,728,737,742],"all_points_y":[774,790,808,829,837,829,811,780,776]},"region_attributes":{"CAT":"fpaw_r"}},{"shape_attributes":{"name":"polyline","all_points_x":[653,648,573,578,665,664,666,668,657,651,651],"all_points_y":[563,551,577,686,689,627,621,614,569,565,563]},"region_attributes":{"CAT":"whiter"}}],"file_attributes":{}},"cat_4.jpg127175":{"filename":"cat_4.jpg","size":127175,"regions":[{"shape_attributes":{"name":"polyline","all_points_x":[327,317,307,307,309,411,468,538,597,650,652,653,637,620,595,538,512,470,436,410,354,348,333,327,326],"all_points_y":[452,455,488,533,562,678,706,732,778,799,797,782,754,723,704,677,668,667,653,630,553,535,493,455,454]},"region_attributes":{"CAT":"tail"}},{"shape_attributes":{"name":"polyline","all_points_x":[760,751,747,750,853,871,877,869,845,815,759],"all_points_y":[416,433,514,567,600,564,504,449,420,408,418]},"region_attributes":{"CAT":"whiter"}},{"shape_attributes":{"name":"polyline","all_points_x":[685,736,771,842,827,807,750,708,694,679,660,652,653,652,630,631,651,678,686],"all_points_y":[601,613,650,710,744,776,788,794,799,803,804,797,781,775,742,722,651,616,603]},"region_attributes":{"CAT":"head"}},{"shape_attributes":{"name":"polyline","all_points_x":[792,810,812,814,812,811,798,779,763,745,773,777,781,787,793],"all_points_y":[838,827,817,798,775,753,752,751,753,777,825,830,834,835,836]},"region_attributes":{"CAT":"ear_l"}},{"shape_attributes":{"name":"polyline","all_points_x":[626,606,601,601,608,629,656,679,683,675,661,646,625],"all_points_y":[662,681,693,706,718,721,715,704,665,647,644,647,663]},"region_attributes":{"CAT":"ear_r"}},{"shape_attributes":{"name":"polyline","all_points_x":[696,663,643,647,663,708,748,770,773,759,744,734,721,709,696,695],"all_points_y":[828,856,874,893,902,898,854,828,824,802,810,818,828,827,830,829]},"region_attributes":{"CAT":"fpaw_l"}},{"shape_attributes":{"name":"polyline","all_points_x":[694,715,754,759,740,732,698,693],"all_points_y":[804,826,806,795,786,796,798,804]},"region_attributes":{"CAT":"fpaw_r"}}],"file_attributes":{}},"cat_6.jpeg8712":{"filename":"cat_6.jpeg","size":8712,"regions":[{"shape_attributes":{"name":"polyline","all_points_x":[58,54,50,53,60,68,76,83,87,78,62,57],"all_points_y":[145,154,164,172,174,174,169,164,150,142,145,145]},"region_attributes":{"CAT":"fpaw_r"}},{"shape_attributes":{"name":"polyline","all_points_x":[121,134,135,131,129,129,126,129,138,146,158,159,167,170,155,144,132,123,120,121],"all_points_y":[113,127,131,140,150,159,169,180,185,185,176,150,135,121,106,90,85,97,113,115]},"region_attributes":{"CAT":"fpaw_l"}},{"shape_attributes":{"name":"polyline","all_points_x":[30,27,29,31,50,61,90,105,124,122,109,94,88,79,65,62,53,43,30],"all_points_y":[43,51,66,78,92,94,93,90,70,53,35,21,18,18,22,20,23,28,44]},"region_attributes":{"CAT":"head"}},{"shape_attributes":{"name":"polyline","all_points_x":[30,29,27,28,30,36,40,47,58,59,53,50,44,38,33,29],"all_points_y":[8,8,19,32,40,46,48,39,30,24,22,18,13,10,7,8]},"region_attributes":{"CAT":"ear_r"}},{"shape_attributes":{"name":"polyline","all_points_x":[108,110,110,109,107,106,104,92,88,90,95,101,103,109],"all_points_y":[1,5,12,22,30,33,34,23,20,15,8,3,1,1]},"region_attributes":{"CAT":"ear_l"}}],"file_attributes":{}},"cat_7.jpeg6608":{"filename":"cat_7.jpeg","size":6608,"regions":[{"shape_attributes":{"name":"polyline","all_points_x":[28,43,56,75,82,88,82,68,63,54,39,28,9,8,6,18,29],"all_points_y":[85,87,86,77,71,51,35,20,17,15,17,19,31,45,60,75,85]},"region_attributes":{"CAT":"head"}},{"shape_attributes":{"name":"polyline","all_points_x":[86,85,87,88,88,86,83,83,80,68,58,65,72,79,81,86],"all_points_y":[5,5,5,8,13,19,29,35,36,31,25,16,11,7,5,5]},"region_attributes":{"CAT":"ear_l"}},{"shape_attributes":{"name":"polyline","all_points_x":[2,2,1,4,6,11,12,26,30,24,17,10,7,4,1,2],"all_points_y":[7,8,9,18,23,34,36,30,24,18,11,5,5,4,9,11]},"region_attributes":{"CAT":"ear_r"}},{"shape_attributes":{"name":"polyline","all_points_x":[56,53,61,60,60,57,53,50,43,41,40,46,52,64,66,71,73,79,84,96,110,106,101,81,56],"all_points_y":[139,148,166,178,184,206,218,223,225,230,237,241,243,242,240,232,224,204,192,180,138,128,121,116,140]},"region_attributes":{"CAT":"fpaw_l"}},{"shape_attributes":{"name":"polyline","all_points_x":[32,36,40,45,51,57,61,60,53,46,41,48,54,51,50,45,38,33,34],"all_points_y":[215,220,221,222,221,206,174,163,146,138,137,154,178,199,203,205,205,211,217]},"region_attributes":{"CAT":"fpaw_r"}},{"shape_attributes":{"name":"polyline","all_points_x":[212,213,223,231,264,283,293,288,264,238,220,209,209,216,211],"all_points_y":[233,232,223,219,219,215,207,196,195,197,197,193,206,219,233]},"region_attributes":{"CAT":"tail"}},{"shape_attributes":{"name":"polyline","all_points_x":[105,104,131,143,148,130,105,104],"all_points_y":[65,91,102,92,82,72,64,66]},"region_attributes":{"CAT":"whiter"}}],"file_attributes":{}},"cat_8.jpeg11929":{"filename":"cat_8.jpeg","size":11929,"regions":[{"shape_attributes":{"name":"polyline","all_points_x":[176,177,180,186,191,197,203,206,207,195,194,182,169,171,178,180,184,186,184,180,175,175,176],"all_points_y":[27,27,25,24,24,27,32,36,51,100,98,108,110,98,81,67,57,42,37,38,35,32,27]},"region_attributes":{"CAT":"tail"}},{"shape_attributes":{"name":"polyline","all_points_x":[145,145,144,153,160,166,169,178,186,195,195,193,183,167,158,148],"all_points_y":[126,134,140,147,151,153,153,149,147,141,134,116,109,110,108,118]},"region_attributes":{"CAT":"head"}},{"shape_attributes":{"name":"polyline","all_points_x":[193,194,194,182,192,193],"all_points_y":[115,100,98,108,119,114]},"region_attributes":{"CAT":"ear_l"}},{"shape_attributes":{"name":"polyline","all_points_x":[149,147,148,159,155,149,148],"all_points_y":[98,99,119,112,103,99,99]},"region_attributes":{"CAT":"ear_r"}},{"shape_attributes":{"name":"polyline","all_points_x":[167,167,168,162,160,156,150,147,150,159,163,166,178,187,191,193,197,197,200,200,193,167],"all_points_y":[179,188,195,203,210,216,215,221,228,231,231,225,219,210,204,193,188,179,172,159,166,178]},"region_attributes":{"CAT":"fpaw_l"}},{"shape_attributes":{"name":"polyline","all_points_x":[140,139,137,136,140,143,155,159,158,165,161,149,142,140],"all_points_y":[167,179,185,199,205,203,202,193,187,179,170,157,159,168]},"region_attributes":{"CAT":"fpaw_r"}},{"shape_attributes":{"name":"polyline","all_points_x":[193,194,201,203,196,193,194],"all_points_y":[146,148,150,143,140,143,147]},"region_attributes":{"CAT":"whiter"}}],"file_attributes":{}},"cat_9.jpeg7576":{"filename":"cat_9.jpeg","size":7576,"regions":[{"shape_attributes":{"name":"polyline","all_points_x":[96,103,111,138,145,146,146,145,144,141,131,120,115,106,91,81,76,73,71,71,80,94,96],"all_points_y":[37,33,33,40,47,55,66,73,86,93,98,102,106,104,97,90,85,76,63,53,43,36,37]},"region_attributes":{"CAT":"head"}},{"shape_attributes":{"name":"polyline","all_points_x":[71,68,65,63,66,67,73,84,97,91,82,72,68],"all_points_y":[12,12,19,28,38,51,56,49,40,29,18,11,12]},"region_attributes":{"CAT":"ear_r"}},{"shape_attributes":{"name":"polyline","all_points_x":[124,130,134,139,145,149,150,149,148,149,145,143,135,128,123,120,124],"all_points_y":[32,20,14,9,7,10,19,36,41,44,49,55,47,40,38,34,31]},"region_attributes":{"CAT":"ear_l"}},{"shape_attributes":{"name":"polyline","all_points_x":[102,101,104,117,127,134,137,145,154,168,178,182,181,160,145,139,145,143,135,125,117,113,102],"all_points_y":[174,180,184,183,183,177,170,160,157,143,133,121,103,102,108,126,136,141,145,150,157,164,174]},"region_attributes":{"CAT":"fpaw_l"}},{"shape_attributes":{"name":"polyline","all_points_x":[103,99,97,95,95,97,100,102,111,113,118,115,109,102,88,81,84,93,94,101,104,102],"all_points_y":[161,163,166,170,175,177,176,174,165,162,155,143,135,135,128,127,136,143,148,155,160,161]},"region_attributes":{"CAT":"fpaw_r"}},{"shape_attributes":{"name":"polyline","all_points_x":[249,256,256,254,249,190,173,162,156,154,157,161,164,167,168,165,166,174,180,199,221,242,247,246,248,249],"all_points_y":[136,158,168,180,182,181,182,173,164,152,141,129,128,131,135,148,158,166,167,166,165,167,161,154,137,136]},"region_attributes":{"CAT":"tail"}},{"shape_attributes":{"name":"polyline","all_points_x":[150,160,171,169,163,147,145,150],"all_points_y":[82,83,81,62,56,61,77,82]},"region_attributes":{"CAT":"whiter"}}],"file_attributes":{}},"cat_10.jpeg8581":{"filename":"cat_10.jpeg","size":8581,"regions":[{"shape_attributes":{"name":"polyline","all_points_x":[195,199,202,209,207,211,214,216,209,195],"all_points_y":[42,31,24,21,23,27,42,53,52,43]},"region_attributes":{"CAT":"ear_l"}},{"shape_attributes":{"name":"polyline","all_points_x":[165,173,177,179,178,172,166,161,158,158,158,165,167],"all_points_y":[39,44,47,51,56,64,64,55,47,43,39,38,40]},"region_attributes":{"CAT":"ear_r"}},{"shape_attributes":{"name":"polyline","all_points_x":[170,178,189,195,205,208,210,215,217,217,211,206,196,185,180,176,167,165,170],"all_points_y":[73,82,86,87,86,83,79,69,59,54,48,44,42,45,47,47,57,64,73]},"region_attributes":{"CAT":"head"}},{"shape_attributes":{"name":"polyline","all_points_x":[185,184,185,185,196,208,217,220,223,229,238,246,251,246,242,237,230,223,213,197,184],"all_points_y":[127,126,142,155,162,175,187,196,198,206,207,207,202,196,194,194,184,165,143,125,127]},"region_attributes":{"CAT":"fpaw_r"}},{"shape_attributes":{"name":"polyline","all_points_x":[29,25,18,14,18,26,41,74,102,114,120,118,116,98,94,91,82,60,44,33,33,29],"all_points_y":[191,191,195,201,208,211,212,215,213,213,210,200,191,185,187,195,198,197,197,197,195,192]},"region_attributes":{"CAT":"tail"}},{"shape_attributes":{"name":"polyline","all_points_x":[161,173,176,169,157,155,146,141,155,160,161],"all_points_y":[83,87,95,101,104,108,102,95,89,83,84]},"region_attributes":{"CAT":"whiter"}},{"shape_attributes":{"name":"polyline","all_points_x":[180,182,180,178,170,173,171,175,180],"all_points_y":[167,184,196,197,196,187,182,172,166]},"region_attributes":{"CAT":"fpaw_l"}}],"file_attributes":{}},"cat_11.jpeg15299":{"filename":"cat_11.jpeg","size":15299,"regions":[{"shape_attributes":{"name":"polyline","all_points_x":[26,30,34,40,54,66,76,84,93,103,111,111,95,89,79,68,50,45,37,33,25,24,24,26],"all_points_y":[47,48,51,62,79,83,88,88,86,84,82,83,99,104,102,97,90,87,80,69,55,51,49,47]},"region_attributes":{"CAT":"tail"}},{"shape_attributes":{"name":"polyline","all_points_x":[238,241,236,237,240,239,245,244,237,231,228,226,226,231,238],"all_points_y":[117,118,137,148,173,174,178,184,180,177,167,152,139,125,117]},"region_attributes":{"CAT":"fpaw_l"}},{"shape_attributes":{"name":"polyline","all_points_x":[205,196,200,209,220,225,233,230,225,231,231,222,214,206,205],"all_points_y":[117,136,151,160,185,190,190,177,140,125,117,110,110,116,117]},"region_attributes":{"CAT":"fpaw_r"}},{"shape_attributes":{"name":"polyline","all_points_x":[229,226,232,235,237,246,251,251,251,247,240,235,230,223,219,216,213,211,212,212,216,219,222,226],"all_points_y":[44,44,43,44,45,49,55,62,72,77,78,78,80,80,78,76,71,66,57,51,46,44,45,44]},"region_attributes":{"CAT":"head"}},{"shape_attributes":{"name":"polyline","all_points_x":[237,240,245,248,251,253,251,248,243,239,237],"all_points_y":[49,43,38,35,35,37,53,57,54,50,49]},"region_attributes":{"CAT":"ear_l"}},{"shape_attributes":{"name":"polyline","all_points_x":[206,212,220,222,218,214,211,209,206,206,206],"all_points_y":[39,41,44,46,50,53,53,46,42,39,39]},"region_attributes":{"CAT":"ear_r"}},{"shape_attributes":{"name":"polyline","all_points_x":[202,205,211,214,213,199,189,187,186,201],"all_points_y":[79,77,79,87,95,97,96,89,81,79]},"region_attributes":{"CAT":"whiter"}}],"file_attributes":{}},"cat_12.jpeg7767":{"filename":"cat_12.jpeg","size":7767,"regions":[{"shape_attributes":{"name":"polyline","all_points_x":[151,161,168,174,178,186,191,187,181,175,170,164,152,144,139,133,130,134,136,141,152],"all_points_y":[43,43,46,47,50,64,71,82,84,86,88,88,89,87,82,78,72,59,56,48,43]},"region_attributes":{"CAT":"head"}},{"shape_attributes":{"name":"polyline","all_points_x":[207,205,208,212,214,214,214,209,208,216,222,223,226,225,223,222,219,207],"all_points_y":[82,80,69,58,47,39,32,30,26,26,34,41,55,65,75,84,85,81]},"region_attributes":{"CAT":"tail"}},{"shape_attributes":{"name":"polyline","all_points_x":[191,193,193,190,185,178,173,178,184,190,191],"all_points_y":[45,50,61,71,73,67,54,47,45,44,45]},"region_attributes":{"CAT":"ear_l"}},{"shape_attributes":{"name":"polyline","all_points_x":[137,146,150,150,143,140,137,136,137,137],"all_points_y":[29,38,44,47,51,56,56,49,36,29]},"region_attributes":{"CAT":"ear_r"}},{"shape_attributes":{"name":"polyline","all_points_x":[161,160,168,171,169,169,172,176,183,184,190,190,188,179,170,163,161],"all_points_y":[117,124,137,145,152,157,164,170,166,156,135,125,107,103,108,113,118]},"region_attributes":{"CAT":"fpaw_l"}},{"shape_attributes":{"name":"polyline","all_points_x":[135,137,139,141,142,144,151,157,161,160,156,152,137,133,135],"all_points_y":[113,126,137,144,157,158,158,159,149,131,123,110,102,111,115]},"region_attributes":{"CAT":"fpaw_r"}},{"shape_attributes":{"name":"polyline","all_points_x":[181,184,186,193,198,197,189,180,180,184,185],"all_points_y":[88,93,94,93,92,81,80,84,89,94,94]},"region_attributes":{"CAT":"whiter"}}],"file_attributes":{}},"cat_13.jpeg12848":{"filename":"cat_13.jpeg","size":12848,"regions":[{"shape_attributes":{"name":"polyline","all_points_x":[48,48,56,64,68,83,86,85,83,76,71,64,54,45,39,28,23,21,20,21,23,34,48],"all_points_y":[50,48,48,49,51,62,69,78,87,98,102,107,106,104,104,95,90,82,70,63,56,53,49]},"region_attributes":{"CAT":"head"}},{"shape_attributes":{"name":"polyline","all_points_x":[27,31,36,41,44,45,43,39,29,23,22,22,22,24,28],"all_points_y":[29,29,33,41,48,51,55,56,62,62,54,45,37,31,29]},"region_attributes":{"CAT":"ear_r"}},{"shape_attributes":{"name":"polyline","all_points_x":[68,75,79,87,89,88,88,88,84,79,72,64,63,69],"all_points_y":[46,40,36,33,34,45,58,64,69,67,60,55,51,46]},"region_attributes":{"CAT":"ear_l"}},{"shape_attributes":{"name":"polyline","all_points_x":[85,85,90,91,90,88,83,81,94,104,110,118,122,128,125,113,98,87,85],"all_points_y":[148,158,169,178,186,203,216,220,220,220,198,175,170,159,144,121,126,135,148]},"region_attributes":{"CAT":"fpaw_l"}},{"shape_attributes":{"name":"polyline","all_points_x":[54,64,66,66,67,64,79,83,88,91,84,73,59,55],"all_points_y":[148,164,173,182,212,218,219,212,196,176,158,148,143,148]},"region_attributes":{"CAT":"fpaw_r"}},{"shape_attributes":{"name":"polyline","all_points_x":[113,130,133,133,118,101,91,90,96,107,113],"all_points_y":[76,74,81,96,98,98,92,77,66,72,76]},"region_attributes":{"CAT":"whiter"}},{"shape_attributes":{"name":"polyline","all_points_x":[240,247,257,260,255,252,251,246,239,240],"all_points_y":[99,100,111,126,138,134,117,106,100,99]},"region_attributes":{"CAT":"tail"}}],"file_attributes":{}},"cat_14.jpeg11541":{"filename":"cat_14.jpeg","size":11541,"regions":[{"shape_attributes":{"name":"polyline","all_points_x":[64,62,60,60,66,72,82,93,110,117,122,120,120,125,127,127,121,116,113,110,103,97,92,84,77,70,66,63],"all_points_y":[107,111,115,120,127,129,132,128,114,100,87,77,70,63,52,49,55,64,68,77,91,98,106,109,112,112,110,108]},"region_attributes":{"CAT":"tail"}},{"shape_attributes":{"name":"polyline","all_points_x":[174,185,191,196,203,209,219,221,218,207,202,195,190,184,177,169,162,157,153,151,152,152,156,165,172],"all_points_y":[39,39,39,39,43,47,58,67,86,97,102,106,109,107,105,101,95,89,83,76,60,56,50,43,40]},"region_attributes":{"CAT":"head"}},{"shape_attributes":{"name":"polyline","all_points_x":[153,157,165,170,173,174,166,156,152,150,149,148,149,153],"all_points_y":[22,24,31,36,40,45,50,59,61,51,40,36,28,23]},"region_attributes":{"CAT":"ear_r"}},{"shape_attributes":{"name":"polyline","all_points_x":[216,220,221,221,220,218,212,207,197,194,200,205,208,216],"all_points_y":[23,26,36,47,57,62,56,50,47,44,35,28,24,23]},"region_attributes":{"CAT":"ear_l"}},{"shape_attributes":{"name":"polyline","all_points_x":[148,145,142,136,130,152,159,168,173,184,164,151,147],"all_points_y":[115,128,143,155,169,169,156,149,143,130,113,113,117]},"region_attributes":{"CAT":"fpaw_r"}},{"shape_attributes":{"name":"polyline","all_points_x":[200,210,218,224,225,226,228,208,207,207,203,199,202],"all_points_y":[129,118,115,112,130,147,169,168,161,150,139,131,128]},"region_attributes":{"CAT":"fpaw_l"}}],"file_attributes":{}},"cat_15.jpeg8821":{"filename":"cat_15.jpeg","size":8821,"regions":[{"shape_attributes":{"name":"polyline","all_points_x":[103,106,112,117,123,132,130,129,122,118,110,103,95,90,89,87,91,102],"all_points_y":[41,39,40,39,42,53,64,70,73,80,81,78,75,66,61,54,46,41]},"region_attributes":{"CAT":"head"}},{"shape_attributes":{"name":"polyline","all_points_x":[132,133,134,134,133,131,125,117,114,121,125,129,132],"all_points_y":[29,29,32,40,50,55,50,45,42,36,32,28,29]},"region_attributes":{"CAT":"ear_l"}},{"shape_attributes":{"name":"polyline","all_points_x":[89,92,96,99,103,104,101,94,89,87,86,84,84,86,87,89],"all_points_y":[31,31,34,37,42,44,47,49,52,53,45,40,35,32,30,30]},"region_attributes":{"CAT":"ear_r"}},{"shape_attributes":{"name":"polyline","all_points_x":[120,125,133,132,131,132,135,135,138,142,143,137,129,124,125,123,120,116,114,114,118,120],"all_points_y":[111,103,104,117,129,147,157,168,170,171,176,179,179,173,167,158,150,139,135,131,118,111]},"region_attributes":{"CAT":"fpaw_l"}},{"shape_attributes":{"name":"polyline","all_points_x":[86,91,94,99,106,110,113,118,127,128,127,123,116,110,109,105,97,86],"all_points_y":[113,132,138,152,166,179,181,183,181,179,177,171,156,137,126,118,107,113]},"region_attributes":{"CAT":"fpaw_r"}},{"shape_attributes":{"name":"polyline","all_points_x":[32,29,26,24,26,33,45,49,56,60,64,67,71,78,79,75,64,45,42,35,35,35,39,32],"all_points_y":[160,163,169,175,182,184,184,182,180,180,179,178,179,180,176,172,171,176,176,173,170,168,164,160]},"region_attributes":{"CAT":"tail"}},{"shape_attributes":{"name":"polyline","all_points_x":[87,91,91,89,82,76,71,69,68,74,79,84,86,87],"all_points_y":[74,78,85,93,92,94,96,89,86,84,83,80,75,75]},"region_attributes":{"CAT":"whiter"}}],"file_attributes":{}},"cat_16.jpeg19456":{"filename":"cat_16.jpeg","size":19456,"regions":[{"shape_attributes":{"name":"polyline","all_points_x":[34,39,39,39,36,35,38,41,48,55,62,74,83,89,92,88,84,84,82,65,55,46,36,28,22,18,18,20,27,33],"all_points_y":[35,36,41,45,51,60,67,71,76,79,83,82,79,70,75,83,93,100,103,103,103,101,95,86,76,70,58,47,38,36]},"region_attributes":{"CAT":"tail"}},{"shape_attributes":{"name":"polyline","all_points_x":[219,217,215,214,214,217,219,220,223,229,232,237,241,246,253,259,264,268,269,269,268,262,255,244,235,226,219],"all_points_y":[51,56,63,71,79,87,93,96,97,99,100,100,99,97,97,97,92,83,74,71,64,56,50,46,44,48,52]},"region_attributes":{"CAT":"head"}},{"shape_attributes":{"name":"polyline","all_points_x":[219,223,230,233,236,235,232,228,222,218,219,217,217,218,220],"all_points_y":[36,39,41,44,46,53,54,56,56,56,45,40,37,35,36]},"region_attributes":{"CAT":"ear_r"}},{"shape_attributes":{"name":"polyline","all_points_x":[266,268,270,270,271,268,266,259,253,248,246,247,251,254,258,264,268],"all_points_y":[45,45,47,52,57,67,69,65,63,63,57,54,53,51,48,45,45]},"region_attributes":{"CAT":"ear_l"}},{"shape_attributes":{"name":"polyline","all_points_x":[195,198,196,193,191,191,192,196,197,200,206,209,215,215,216,223,229,232,226,223,216,200,195,196],"all_points_y":[115,123,134,140,142,149,163,174,184,191,197,198,189,174,161,153,146,139,127,115,106,108,111,116]},"region_attributes":{"CAT":"fpaw_r"}},{"shape_attributes":{"name":"polyline","all_points_x":[234,242,247,252,250,245,233,226,225,221,216,215,217,230,233,234],"all_points_y":[137,129,122,127,136,140,153,161,171,179,188,176,161,146,138,136]},"region_attributes":{"CAT":"fpaw_l"}},{"shape_attributes":{"name":"polyline","all_points_x":[192,193,202,212,214,215,212,205,198,192],"all_points_y":[62,74,78,79,72,63,62,62,62,61]},"region_attributes":{"CAT":"whiter"}}],"file_attributes":{}},"cat_17.jpeg7558":{"filename":"cat_17.jpeg","size":7558,"regions":[{"shape_attributes":{"name":"polyline","all_points_x":[18,18,27,32,36,40,46,50,54,59,66,76,80,80,75,67,60,50,42,36,26,20,17,18],"all_points_y":[148,152,153,153,149,149,146,142,142,137,137,133,130,128,129,130,130,134,138,142,141,142,146,150]},"region_attributes":{"CAT":"tail"}},{"shape_attributes":{"name":"polyline","all_points_x":[211,212,219,224,228,232,242,246,249,251,251,249,237,228,215,204,198,185,183,186,191,198,210],"all_points_y":[48,49,49,48,48,48,53,59,66,73,87,96,100,102,104,99,98,92,75,64,60,52,48]},"region_attributes":{"CAT":"head"}},{"shape_attributes":{"name":"polyline","all_points_x":[189,192,196,203,208,208,206,197,191,187,186,186,186,187,188],"all_points_y":[31,30,32,41,48,52,57,63,67,67,52,47,38,33,32]},"region_attributes":{"CAT":"ear_r"}},{"shape_attributes":{"name":"polyline","all_points_x":[249,251,252,251,251,249,246,237,230,227,233,234,239,246,249],"all_points_y":[33,36,39,46,55,60,66,61,57,53,43,39,35,32,33]},"region_attributes":{"CAT":"ear_l"}},{"shape_attributes":{"name":"polyline","all_points_x":[188,191,199,204,207,207,221,229,244,261,257,253,254,246,229,217,217,219,227,218,211,207,202,198,193,190,187,187,188],"all_points_y":[171,173,172,172,172,169,170,168,166,163,148,141,130,122,125,133,140,148,153,154,154,155,159,161,160,161,165,168,171]},"region_attributes":{"CAT":"fpaw_l"}},{"shape_attributes":{"name":"polyline","all_points_x":[177,175,175,174,172,172,167,167,171,170,176,182,187,187,190,193,190,197,203,201,192,186,179,177],"all_points_y":[116,121,128,131,139,145,151,157,164,170,171,171,171,165,160,159,152,139,134,121,113,113,114,116]},"region_attributes":{"CAT":"fpaw_r"}},{"shape_attributes":{"name":"polyline","all_points_x":[174,175,173,175,178,182,186,184,181,173],"all_points_y":[96,91,96,99,100,100,93,88,88,91]},"region_attributes":{"CAT":"whiter"}}],"file_attributes":{}},"cat_18.jpeg10032":{"filename":"cat_18.jpeg","size":10032,"regions":[{"shape_attributes":{"name":"polyline","all_points_x":[143,150,154,158,162,167,172,180,197,207,210,214,216,209,194,183,172,159,150,140,134,134,132,122,117,117,124,131,143],"all_points_y":[10,7,8,9,7,8,8,10,16,17,24,43,55,64,72,77,85,88,88,82,78,69,65,59,50,40,27,17,10]},"region_attributes":{"CAT":"head"}},{"shape_attributes":{"name":"polyline","all_points_x":[115,107,100,95,89,83,80,83,84,90,98,99,89,88,79,74,64,52,42,33,29,27,29,24,34,44,52,118,118,118,118,118,122,123,123,116,114],"all_points_y":[37,32,31,31,32,43,46,56,59,57,56,63,76,90,106,119,118,114,108,98,88,63,53,45,15,5,1,1,1,1,1,5,18,27,32,38,36]},"region_attributes":{"CAT":"tail"}},{"shape_attributes":{"name":"polyline","all_points_x":[129,133,140,144,144,126,121,121,119,120,129],"all_points_y":[0,2,8,14,21,27,30,19,10,1,1]},"region_attributes":{"CAT":"ear_r"}},{"shape_attributes":{"name":"polyline","all_points_x":[179,176,172,169,168,176,188,193,197,201,204,203,200,178],"all_points_y":[1,4,9,19,23,26,30,31,34,33,24,9,1,1]},"region_attributes":{"CAT":"ear_l"}},{"shape_attributes":{"name":"polyline","all_points_x":[133,133,134,141,152,153,160,164,166,168,197,194,194,191,181,172,151,133,133],"all_points_y":[141,147,157,168,188,194,207,217,223,225,224,214,206,192,165,154,137,138,142]},"region_attributes":{"CAT":"fpaw_r"}},{"shape_attributes":{"name":"polyline","all_points_x":[220,227,239,246,248,242,241,236,231,229,203,201,204,209,218,220],"all_points_y":[142,130,120,116,142,158,178,199,220,225,223,219,201,179,164,142]},"region_attributes":{"CAT":"fpaw_l"}}],"file_attributes":{}},"cat_19.jpeg11033":{"filename":"cat_19.jpeg","size":11033,"regions":[{"shape_attributes":{"name":"polyline","all_points_x":[168,165,165,164,163,168,175,179,185,189,196,202,206,215,213,210,199,190,185,180,168],"all_points_y":[50,57,61,65,74,78,80,84,87,86,84,80,75,68,56,51,44,43,43,44,50]},"region_attributes":{"CAT":"head"}},{"shape_attributes":{"name":"polyline","all_points_x":[170,168,168,167,168,170,175,180,181,175,171,170],"all_points_y":[34,37,41,47,54,55,51,49,48,41,35,34]},"region_attributes":{"CAT":"ear_r"}},{"shape_attributes":{"name":"polyline","all_points_x":[210,211,211,211,210,203,196,195,203,208,210],"all_points_y":[37,38,43,48,56,52,50,47,41,37,37]},"region_attributes":{"CAT":"ear_l"}},{"shape_attributes":{"name":"polyline","all_points_x":[170,171,176,182,194,208,224,234,247,258,263,260,249,235,223,213,207,196,190,186,180,176,171,169],"all_points_y":[184,190,195,197,199,202,202,201,201,199,198,194,193,190,188,184,178,173,171,171,172,174,176,185]},"region_attributes":{"CAT":"tail"}},{"shape_attributes":{"name":"polyline","all_points_x":[220,222,226,232,236,243,247,249,239,232,220,215,215,221],"all_points_y":[79,84,87,86,86,89,93,98,104,103,100,97,87,81]},"region_attributes":{"CAT":"whiter"}},{"shape_attributes":{"name":"polyline","all_points_x":[184,187,194,192,196,205,209,206,202,205,199,186,178,182,184],"all_points_y":[139,144,159,171,172,177,171,159,137,122,113,112,124,136,136]},"region_attributes":{"CAT":"fpaw_l"}}],"file_attributes":{}},"cat_20.jpeg11584":{"filename":"cat_20.jpeg","size":11584,"regions":[{"shape_attributes":{"name":"polyline","all_points_x":[147,142,141,141,144,144,143,155,155,151,150,148,150,151,152,147],"all_points_y":[41,43,48,54,71,90,94,88,81,68,58,49,45,44,42,42]},"region_attributes":{"CAT":"tail"}},{"shape_attributes":{"name":"polyline","all_points_x":[206,209,213,219,227,232,231,230,227,224,218,215,211,209,207],"all_points_y":[81,87,91,93,94,91,88,80,76,73,72,73,76,77,79]},"region_attributes":{"CAT":"head"}},{"shape_attributes":{"name":"polyline","all_points_x":[196,196,198,203,206,214,222,226,228,234,236,232,227,224,217,215,214,205,197,196],"all_points_y":[108,112,118,124,128,134,138,141,145,145,143,139,134,131,122,118,112,105,105,107]},"region_attributes":{"CAT":"fpaw_r"}},{"shape_attributes":{"name":"polyline","all_points_x":[219,225,232,237,239,244,247,249,251,252,249,242,236,231,225,223,219,216,217,220],"all_points_y":[120,125,126,127,128,130,132,132,131,126,124,121,119,115,111,105,105,110,115,121]},"region_attributes":{"CAT":"fpaw_l"}},{"shape_attributes":{"name":"polyline","all_points_x":[201,202,201,194,185,185,186,195,199,200,200],"all_points_y":[85,90,94,96,96,89,87,87,87,86,85]},"region_attributes":{"CAT":"whiter"}},{"shape_attributes":{"name":"polyline","all_points_x":[222,220,218,218,219,225,225,224,223],"all_points_y":[64,65,68,73,74,75,71,66,64]},"region_attributes":{"CAT":"ear_l"}},{"shape_attributes":{"name":"polyline","all_points_x":[211,215,212,208,209,211],"all_points_y":[73,79,80,81,75,73]},"region_attributes":{"CAT":"ear_r"}}],"file_attributes":{}},"cat_21.jpeg8554":{"filename":"cat_21.jpeg","size":8554,"regions":[{"shape_attributes":{"name":"polyline","all_points_x":[144,139,137,144,160,165,166,160,157,154,151,146,144],"all_points_y":[113,117,126,130,127,126,114,112,112,114,115,114,114]},"region_attributes":{"CAT":"whiter"}},{"shape_attributes":{"name":"polyline","all_points_x":[40,44,50,57,64,67,78,81,79,69,60,53,47,41,35,34,34,37,40],"all_points_y":[122,117,112,110,110,109,102,97,94,94,93,95,98,102,105,110,116,122,123]},"region_attributes":{"CAT":"tail"}},{"shape_attributes":{"name":"polyline","all_points_x":[174,177,188,197,201,208,211,215,215,217,217,209,208,208,200,192,183,176,171,169,169,175],"all_points_y":[143,149,152,152,156,157,155,150,143,137,130,120,118,113,109,108,107,111,119,126,135,144]},"region_attributes":{"CAT":"head"}},{"shape_attributes":{"name":"polyline","all_points_x":[203,203,207,208,208,206,201,196,193,197,198,203],"all_points_y":[94,94,96,102,107,116,116,113,111,102,95,94]},"region_attributes":{"CAT":"ear_l"}},{"shape_attributes":{"name":"polyline","all_points_x":[170,175,182,186,178,173,171,170,170],"all_points_y":[104,109,114,120,125,125,124,111,104]},"region_attributes":{"CAT":"ear_r"}},{"shape_attributes":{"name":"polyline","all_points_x":[148,143,143,149,151,156,163,174,187,193,200,207,211,215,213,208,206,203,195,191,183,175,169,171,170,149],"all_points_y":[154,163,173,179,185,191,194,193,192,198,205,207,206,201,194,193,188,184,181,179,178,176,174,167,157,154]},"region_attributes":{"CAT":"fpaw_r"}},{"shape_attributes":{"name":"polyline","all_points_x":[184,184,186,189,196,200,214,217,218,219,222,227,227,226,218,214,206,198,190,186,183,184],"all_points_y":[161,167,172,176,181,181,181,185,192,195,198,192,182,176,169,166,163,160,157,157,161,165]},"region_attributes":{"CAT":"fpaw_l"}}],"file_attributes":{}},"cat_22.jpeg8668":{"filename":"cat_22.jpeg","size":8668,"regions":[{"shape_attributes":{"name":"polyline","all_points_x":[40,44,48,51,51,51,54,55,59,64,65,61,56,52,48,47,45,38,35,39],"all_points_y":[129,129,125,124,116,103,91,82,68,60,54,58,67,77,82,91,97,108,117,128]},"region_attributes":{"CAT":"tail"}},{"shape_attributes":{"name":"polyline","all_points_x":[146,146,144,140,138,136,135,135,131,131,124,122,124,128,134,141,147,158,162,166,174,173,167,160,147,146],"all_points_y":[107,114,122,126,136,146,162,167,171,177,188,194,202,204,204,196,178,153,141,139,137,124,109,106,106,106]},"region_attributes":{"CAT":"fpaw_r"}},{"shape_attributes":{"name":"polyline","all_points_x":[198,197,200,200,202,202,209,214,217,220,220,217,216,217,220,223,228,218,214,206,206,198],"all_points_y":[141,145,151,158,167,176,183,183,182,175,169,161,152,144,134,128,119,113,113,120,136,142]},"region_attributes":{"CAT":"fpaw_l"}},{"shape_attributes":{"name":"polyline","all_points_x":[175,172,170,171,177,184,196,206,219,227,231,232,229,223,212,200,192,175,172],"all_points_y":[54,57,65,73,85,94,101,101,97,90,75,66,56,48,43,41,40,50,58]},"region_attributes":{"CAT":"head"}},{"shape_attributes":{"name":"polyline","all_points_x":[241,245,246,243,236,233,230,224,221,218,221,230,240],"all_points_y":[42,43,45,51,59,66,68,62,53,49,45,44,41]},"region_attributes":{"CAT":"ear_l"}},{"shape_attributes":{"name":"polyline","all_points_x":[180,184,188,193,196,186,178,174,175,179,180],"all_points_y":[25,30,33,39,45,47,54,43,29,25,26]},"region_attributes":{"CAT":"ear_r"}},{"shape_attributes":{"name":"polyline","all_points_x":[169,166,170,175,175,174,170,170],"all_points_y":[36,44,52,50,44,38,36,37]},"region_attributes":{"CAT":"whiter"}}],"file_attributes":{}},"cat_23.jpeg11976":{"filename":"cat_23.jpeg","size":11976,"regions":[{"shape_attributes":{"name":"polyline","all_points_x":[57,48,40,34,27,12,1,1,4,10,37,40,41,42,54,58,61,61,58,57],"all_points_y":[90,94,105,114,128,151,166,198,212,222,224,218,197,190,175,172,147,138,110,91]},"region_attributes":{"CAT":"tail"}},{"shape_attributes":{"name":"polyline","all_points_x":[256,262,272,281,283,283,277,267,257,247,240,233,221,215,213,218,223,224,229,237,243,248,258],"all_points_y":[50,51,56,65,74,87,101,104,106,105,104,102,95,88,83,70,62,55,52,50,48,49,51]},"region_attributes":{"CAT":"head"}},{"shape_attributes":{"name":"polyline","all_points_x":[177,171,168,172,187,189,192,227,222,218,214,213,210,214,214,196,189,177],"all_points_y":[138,148,161,177,204,218,224,224,218,214,213,199,184,170,157,144,141,138]},"region_attributes":{"CAT":"fpaw_r"}},{"shape_attributes":{"name":"polyline","all_points_x":[217,224,230,233,245,256,259,260,259,253,247,243,240,245,242,234,221,220,216,218],"all_points_y":[192,205,220,224,222,222,221,219,212,208,208,196,177,161,160,159,160,174,183,194]},"region_attributes":{"CAT":"fpaw_l"}},{"shape_attributes":{"name":"polyline","all_points_x":[174,174,174,183,195,199,200,201,200,192,188,181,174],"all_points_y":[78,77,88,91,95,94,84,77,76,75,75,75,76]},"region_attributes":{"CAT":"whiter"}},{"shape_attributes":{"name":"polyline","all_points_x":[235,236,240,243,243,240,232,225,222,224,224,230,233],"all_points_y":[33,34,40,47,52,55,58,59,48,38,31,29,31]},"region_attributes":{"CAT":"ear_r"}},{"shape_attributes":{"name":"polyline","all_points_x":[277,284,290,292,293,290,286,281,274,269,273,284],"all_points_y":[53,48,48,48,52,60,67,74,66,60,53,48]},"region_attributes":{"CAT":"ear_l"}}],"file_attributes":{}},"cat_24.jpeg12084":{"filename":"cat_24.jpeg","size":12084,"regions":[{"shape_attributes":{"name":"polyline","all_points_x":[203,208,218,223,222,234,237,270,275,278,281,279,259,253,250,241,233,228,220,206,201],"all_points_y":[21,34,39,44,57,70,79,118,119,118,110,105,80,68,62,49,39,33,28,22,22]},"region_attributes":{"CAT":"tail"}},{"shape_attributes":{"name":"polyline","all_points_x":[44,40,30,28,25,28,33,42,48,53,58,63,72,77,78,78,77,72,65,59,51,43],"all_points_y":[37,38,46,54,58,71,77,83,88,88,86,80,76,72,62,52,46,39,37,35,34,37]},"region_attributes":{"CAT":"head"}},{"shape_attributes":{"name":"polyline","all_points_x":[82,86,91,92,96,92,93,89,86,85,88,96,109,110,116,116,109,104,89,82],"all_points_y":[102,108,115,120,128,150,160,160,161,164,168,168,168,159,121,112,96,88,90,101]},"region_attributes":{"CAT":"fpaw_l"}},{"shape_attributes":{"name":"polyline","all_points_x":[62,62,65,74,84,86,88,88,88,88,80,70,60,61,68,73,74,74,73,73,69,64,62],"all_points_y":[163,168,168,169,168,161,155,142,126,119,107,102,108,115,120,126,139,147,156,159,157,159,163]},"region_attributes":{"CAT":"fpaw_r"}},{"shape_attributes":{"name":"polyline","all_points_x":[82,88,89,98,109,116,123,120,119,110,107,102,98,92,88,82],"all_points_y":[36,45,49,51,50,49,41,32,27,30,32,30,31,32,34,36]},"region_attributes":{"CAT":"whiter"}},{"shape_attributes":{"name":"polyline","all_points_x":[28,32,35,41,44,44,37,30,27,27,25,26,27],"all_points_y":[30,32,34,39,43,46,51,54,47,41,35,30,30]},"region_attributes":{"CAT":"ear_r"}},{"shape_attributes":{"name":"polyline","all_points_x":[74,76,77,78,76,73,65,58,57,60,66,73,77],"all_points_y":[33,32,34,39,51,54,51,48,44,40,36,32,32]},"region_attributes":{"CAT":"ear_l"}}],"file_attributes":{}},"cat_25.jpg259556":{"filename":"cat_25.jpg","size":259556,"regions":[{"shape_attributes":{"name":"polyline","all_points_x":[546,546,560,579,600,635,670,713,721,728,725,705,686,673,662,645,646,645,634,634,633,626,597,579,558,547,546],"all_points_y":[262,187,106,56,37,23,23,50,77,106,126,127,109,104,106,125,152,219,257,274,283,298,285,276,268,267,259]},"region_attributes":{"CAT":"tail"}},{"shape_attributes":{"name":"polyline","all_points_x":[498,490,490,493,503,510,520,534,552,587,619,648,661,662,662,656,639,609,601,569,540,517,494,492],"all_points_y":[549,567,606,626,646,661,679,692,696,685,656,640,607,579,554,525,498,480,476,470,478,493,525,556]},"region_attributes":{"CAT":"head"}},{"shape_attributes":{"name":"polyline","all_points_x":[672,677,671,662,654,647,628,608,608,616,638,658,671],"all_points_y":[561,566,581,598,614,623,619,603,592,583,569,562,562]},"region_attributes":{"CAT":"ear_l"}},{"shape_attributes":{"name":"polyline","all_points_x":[546,556,575,576,561,552,528,520,520,529,542],"all_points_y":[492,508,527,554,575,568,550,539,525,518,493]},"region_attributes":{"CAT":"ear_r"}},{"shape_attributes":{"name":"polyline","all_points_x":[534,549,558,558,544,530,517,504,494,488,488,477,472,491,511,518,533],"all_points_y":[755,752,726,704,698,694,677,656,621,577,554,543,553,681,730,750,755]},"region_attributes":{"CAT":"fpaw_r"}},{"shape_attributes":{"name":"polyline","all_points_x":[547,601,634,626,618,584,559,549,550],"all_points_y":[409,410,432,484,483,469,469,459,411]},"region_attributes":{"CAT":"whiter"}}],"file_attributes":{}},"cat_26.jpg138146":{"filename":"cat_26.jpg","size":138146,"regions":[{"shape_attributes":{"name":"polyline","all_points_x":[551,625,660,677,681,668,708,715,718,676,634,620,619,601,586,572,559,550,551],"all_points_y":[922,970,1004,1033,1041,1072,1077,1050,1027,960,923,899,882,876,872,882,886,903,922]},"region_attributes":{}},{"shape_attributes":{"name":"polyline","all_points_x":[488,502,522,544,555,575,576,576,553,510,483,454,436,428,434,451,458,487],"all_points_y":[333,330,330,335,342,380,400,429,460,461,463,453,427,412,385,355,345,333]},"region_attributes":{}},{"shape_attributes":{"name":"polyline","all_points_x":[613,597,584,575,568,556,547,554,576,598,614],"all_points_y":[329,343,365,392,390,371,346,340,335,329,329]},"region_attributes":{}},{"shape_attributes":{"name":"polyline","all_points_x":[400,404,415,421,436,441,461,472,472,468,454,433,399],"all_points_y":[362,367,367,367,386,408,401,384,360,352,349,353,361]},"region_attributes":{}},{"shape_attributes":{"name":"polyline","all_points_x":[510,552,585,601,598,597,544,517,505,509,506,511],"all_points_y":[503,499,493,529,570,605,612,605,580,536,502,502]},"region_attributes":{}}],"file_attributes":{}},"cat_27.jpg279929":{"filename":"cat_27.jpg","size":279929,"regions":[{"shape_attributes":{"name":"polyline","all_points_x":[402,380,395,377,357,353,335,319,315,318,327,360,386,432,446,454,459,477,484,484,466,467,455,437,404,397],"all_points_y":[552,581,634,690,759,793,817,838,874,913,922,934,939,886,870,832,771,730,706,646,576,566,551,551,552,553]},"region_attributes":{"CAT":"tail"}},{"shape_attributes":{"name":"polyline","all_points_x":[488,504,533,550,575,583,583,581,561,558,533,512,496,472,449,442,449,489,500],"all_points_y":[279,276,278,279,305,316,338,351,346,330,316,303,303,304,317,312,294,277,278]},"region_attributes":{"CAT":"head"}},{"shape_attributes":{"name":"polyline","all_points_x":[475,463,460,476,517,525,534,520,503,492,472],"all_points_y":[316,320,339,348,348,342,324,318,312,312,316]},"region_attributes":{"CAT":"whiter"}},{"shape_attributes":{"name":"polyline","all_points_x":[457,465,476,485,493,493,468,455,447,445,449,456,458],"all_points_y":[246,249,261,274,284,291,296,302,290,273,251,246,246]},"region_attributes":{"CAT":"ear_l"}},{"shape_attributes":{"name":"polyline","all_points_x":[581,582,582,579,573,555,543,533,551,560,569,577,581,581],"all_points_y":[257,271,287,302,313,307,296,285,267,257,250,244,253,254]},"region_attributes":{"CAT":"ear_r"}}],"file_attributes":{}},"cat_28.jpeg16690":{"filename":"cat_28.jpeg","size":16690,"regions":[{"shape_attributes":{"name":"polyline","all_points_x":[57,53,53,54,63,71,74,81,89,97,107,116,123,133,133,128,112,106,93,84,77,69,58,56],"all_points_y":[52,62,72,82,90,97,100,105,106,104,101,92,84,74,60,50,37,35,34,34,38,42,51,54]},"region_attributes":{"CAT":"head"}},{"shape_attributes":{"name":"polyline","all_points_x":[129,130,129,129,128,122,114,108,104,109,117,128,130],"all_points_y":[26,28,39,47,55,57,56,53,48,40,32,26,26]},"region_attributes":{"CAT":"ear_l"}},{"shape_attributes":{"name":"polyline","all_points_x":[56,63,74,79,79,71,63,57,56,54,56],"all_points_y":[25,27,35,39,46,51,53,50,41,27,25]},"region_attributes":{"CAT":"ear_r"}},{"shape_attributes":{"name":"polyline","all_points_x":[105,107,102,101,101,130,136,141,150,158,162,157,155,147,136,125,116,110,108,103,106],"all_points_y":[169,174,181,196,200,200,187,177,170,160,150,140,121,107,107,109,120,128,146,156,170]},"region_attributes":{"CAT":"fpaw_l"}},{"shape_attributes":{"name":"polyline","all_points_x":[54,54,54,46,45,50,48,43,43,53,66,75,80,88,87,86,86,64,55],"all_points_y":[109,124,129,139,152,165,181,185,195,198,198,192,183,162,155,143,126,113,111]},"region_attributes":{"CAT":"fpaw_r"}},{"shape_attributes":{"name":"polyline","all_points_x":[137,145,151,164,173,171,162,148,147,143,136,136,137],"all_points_y":[51,48,48,49,57,72,76,75,69,59,55,52,51]},"region_attributes":{"CAT":"whiter"}},{"shape_attributes":{"name":"polyline","all_points_x":[242,258,271,279,295,299,299,293,285,275,267,258,247,242,243],"all_points_y":[76,73,73,73,77,79,104,103,101,101,96,90,86,79,76]},"region_attributes":{"CAT":"tail"}}],"file_attributes":{}},"cat_29.jpg88769":{"filename":"cat_29.jpg","size":88769,"regions":[{"shape_attributes":{"name":"polyline","all_points_x":[437,445,458,468,479,487,487,462,445,433,437],"all_points_y":[403,404,409,405,403,403,425,428,427,422,405]},"region_attributes":{"CAT":"whiter"}},{"shape_attributes":{"name":"polyline","all_points_x":[399,405,413,422,422,457,456,460,453,448,412,400],"all_points_y":[459,468,476,498,508,512,501,483,471,451,455,460]},"region_attributes":{"CAT":"fpaw_l"}},{"shape_attributes":{"name":"polyline","all_points_x":[460,474,478,478,474,474,461,458,459,461],"all_points_y":[498,497,497,503,508,510,510,509,499,499]},"region_attributes":{"CAT":"fpaw_r"}},{"shape_attributes":{"name":"polyline","all_points_x":[382,391,413,419,425,424,411,404,395,381,363,356,359,356,356,360,362,366,375,383],"all_points_y":[362,362,366,368,382,389,399,408,410,410,405,401,395,392,387,381,380,371,365,363]},"region_attributes":{"CAT":"head"}},{"shape_attributes":{"name":"polyline","all_points_x":[617,660,674,699,721,736,744,739,704,659,609,616],"all_points_y":[407,458,476,492,497,498,507,511,511,494,439,406]},"region_attributes":{"CAT":"tail"}},{"shape_attributes":{"name":"polyline","all_points_x":[411,416,417,417,414,390,400,405,411],"all_points_y":[337,345,360,371,373,366,348,340,337]},"region_attributes":{"CAT":"ear_l"}},{"shape_attributes":{"name":"polyline","all_points_x":[370,380,384,374,371,370,371],"all_points_y":[353,359,363,366,359,355,353]},"region_attributes":{"CAT":"ear_r"}}],"file_attributes":{}},"cat_30.jpg182803":{"filename":"cat_30.jpg","size":182803,"regions":[{"shape_attributes":{"name":"polyline","all_points_x":[386,359,429,413,407,375,350,341,348,359],"all_points_y":[114,84,134,173,204,216,182,129,89,82]},"region_attributes":{"CAT":"ear_r"}},{"shape_attributes":{"name":"polyline","all_points_x":[518,556,591,597,591,588,563,525,509,516],"all_points_y":[86,52,7,20,84,132,125,125,100,84]},"region_attributes":{"CAT":"ear_l"}},{"shape_attributes":{"name":"polyline","all_points_x":[329,332,338,391,427,475,504,536,568,602,631,631,631,616,595,509,470,418,375,325],"all_points_y":[218,263,320,368,391,388,361,359,363,354,309,241,189,134,116,84,107,127,170,218]},"region_attributes":{"CAT":"head"}},{"shape_attributes":{"name":"polyline","all_points_x":[268,225,175,127,136,161,193,241,295,327,375,459,454,348,279,257,266],"all_points_y":[463,491,504,534,559,577,581,568,543,525,525,520,463,404,393,454,475]},"region_attributes":{"CAT":"fpaw_r"}},{"shape_attributes":{"name":"polyline","all_points_x":[504,536,506,488,536,554,654,652,652,704,725,731,715,720,713,645,570,509,502],"all_points_y":[554,636,747,861,1047,1074,1074,949,920,818,768,636,563,522,427,409,438,477,552]},"region_attributes":{"CAT":"fpaw_l"}},{"shape_attributes":{"name":"polyline","all_points_x":[407,407,372,286,236,136,98,77,86,175,263,370,443,495,477,500,511,441,407],"all_points_y":[738,784,795,820,822,693,729,788,852,913,965,963,915,899,843,770,718,731,747]},"region_attributes":{"CAT":"tail"}}],"file_attributes":{}},"cat_31.jpg184189":{"filename":"cat_31.jpg","size":184189,"regions":[{"shape_attributes":{"name":"polyline","all_points_x":[554,595,618,606,563,559,543,591,634,709,752,793,775,756,715,672,616,552],"all_points_y":[665,713,759,820,886,938,965,1045,1065,1052,1015,931,824,738,679,650,675,670]},"region_attributes":{"CAT":"tail"}},{"shape_attributes":{"name":"polyline","all_points_x":[132,157,186,204,207,220,245,295,318,318,286,298,286,273,257,170,150,148,148],"all_points_y":[366,409,425,536,602,636,679,690,670,622,534,502,407,402,397,386,384,384,393]},"region_attributes":{"CAT":"fpaw_r"}},{"shape_attributes":{"name":"polyline","all_points_x":[434,484,516,545,570,597,641,609,593,527,477,432,407,434,438],"all_points_y":[316,327,350,397,418,422,436,393,361,279,238,204,218,300,320]},"region_attributes":{"CAT":"fpaw_l"}},{"shape_attributes":{"name":"polyline","all_points_x":[100,145,170,270,311,332,329,282,261,245,211,179,159,134,86,77,57,55,98],"all_points_y":[125,86,82,82,123,184,211,229,273,307,309,309,309,309,300,298,254,204,127]},"region_attributes":{"CAT":"head"}},{"shape_attributes":{"name":"polyline","all_points_x":[173,166,173,220,259,259,241,198,157,161,168,173],"all_points_y":[18,9,2,36,79,100,120,114,111,68,43,16]},"region_attributes":{"CAT":"ear_l"}},{"shape_attributes":{"name":"polyline","all_points_x":[7,18,36,61,107,125,84,39,16,2,16],"all_points_y":[141,132,132,132,127,154,200,182,166,145,132]},"region_attributes":{"CAT":"ear_r"}}],"file_attributes":{}},"cat_35.jpg262523":{"filename":"cat_35.jpg","size":262523,"regions":[{"shape_attributes":{"name":"polyline","all_points_x":[424,394,359,346,356,382,417,424],"all_points_y":[181,138,120,130,163,223,193,181]},"region_attributes":{"CAT":"tail"}},{"shape_attributes":{"name":"polyline","all_points_x":[437,435,454,488,502,527,542,562,572,601,613,621,668,681,681,681,660,606,565,525,488,439,435],"all_points_y":[405,442,505,547,570,588,590,590,583,567,545,540,508,462,417,400,351,324,316,319,332,380,409]},"region_attributes":{"CAT":"head"}},{"shape_attributes":{"name":"polyline","all_points_x":[666,676,676,676,671,670,651,628,590,588,603,625,643,665,673],"all_points_y":[311,319,336,359,390,409,417,399,390,372,334,317,307,307,314]},"region_attributes":{"CAT":"ear_l"}},{"shape_attributes":{"name":"polyline","all_points_x":[425,440,462,485,500,467,452,439,439,430,427,439],"all_points_y":[282,289,306,344,387,409,409,366,331,297,281,289]},"region_attributes":{"CAT":"ear_r"}},{"shape_attributes":{"name":"polyline","all_points_x":[369,380,407,427,440,462,464,480,480,482,460,457,482,503,477,419,404,395,380,369],"all_points_y":[605,650,738,763,776,773,761,751,731,691,636,616,663,626,545,508,508,550,565,582]},"region_attributes":{"CAT":"fpaw_r"}},{"shape_attributes":{"name":"polyline","all_points_x":[537,537,543,558,560,570,582,595,615,633,646,666,686,693,645,620,585,537,532],"all_points_y":[615,648,673,688,709,746,774,788,788,776,758,678,573,520,543,585,606,603,606]},"region_attributes":{"CAT":"fpaw_l"}},{"shape_attributes":{"name":"polyline","all_points_x":[503,595,618,636,603,535,500,474,503],"all_points_y":[316,309,311,279,251,251,264,297,316]},"region_attributes":{"CAT":"whiter"}}],"file_attributes":{}},"cat_36.jpeg12228":{"filename":"cat_36.jpeg","size":12228,"regions":[{"shape_attributes":{"name":"polyline","all_points_x":[175,174,167,164,165,170,174,177,184,191,194,193,193,192,179,175,175],"all_points_y":[82,67,57,39,24,13,11,11,20,37,49,72,86,93,93,82,82]},"region_attributes":{}},{"shape_attributes":{"name":"polyline","all_points_x":[90,96,101,102,106,106,104,96,91],"all_points_y":[61,54,48,47,50,63,68,64,61]},"region_attributes":{}},{"shape_attributes":{"name":"polyline","all_points_x":[77,83,80,73,70,69,71,76,77],"all_points_y":[59,53,49,45,46,48,52,61,60]},"region_attributes":{}},{"shape_attributes":{"name":"polyline","all_points_x":[74,83,93,107,113,114,107,91,83,72,72,74,73,75],"all_points_y":[90,93,90,84,75,69,58,53,53,64,75,82,88,90]},"region_attributes":{}},{"shape_attributes":{"name":"polyline","all_points_x":[93,93,98,98,97,92,91,103,110,114,114,120,124,125,114,103,95,93],"all_points_y":[112,118,126,135,141,145,149,150,144,141,128,123,115,105,99,101,104,115]},"region_attributes":{}},{"shape_attributes":{"name":"polyline","all_points_x":[115,118,124,128,129,129,125,121,120,115,115],"all_points_y":[132,139,145,145,140,133,131,125,124,128,133]},"region_attributes":{}},{"shape_attributes":{"name":"polyline","all_points_x":[116,121,126,130,129,119,114,115,115],"all_points_y":[71,66,65,66,80,85,80,70,70]},"region_attributes":{}}],"file_attributes":{}},"cat_37.jpeg16909":{"filename":"cat_37.jpeg","size":16909,"regions":[{"shape_attributes":{"name":"polyline","all_points_x":[81,81,98,93,78,69,69,72,74,84,90,93,101,117,123,124,125,118,95,80,81,81],"all_points_y":[107,119,119,123,130,134,144,149,153,154,152,149,142,144,138,129,118,92,93,102,108,112]},"region_attributes":{"CAT":"fpaw_l"}},{"shape_attributes":{"name":"polyline","all_points_x":[42,32,23,19,15,14,18,28,37,52,60,68,62,47,45,40],"all_points_y":[105,109,111,112,114,120,125,125,125,125,122,112,101,98,103,106]},"region_attributes":{"CAT":"fpaw_r"}},{"shape_attributes":{"name":"polyline","all_points_x":[147,162,173,183,187,181,171,151,143,148],"all_points_y":[58,56,63,63,65,78,79,78,72,58]},"region_attributes":{"CAT":"whiter"}},{"shape_attributes":{"name":"polyline","all_points_x":[89,97,104,110,113,108,104,100,94,89],"all_points_y":[35,26,22,30,38,45,48,42,38,36]},"region_attributes":{"CAT":"ear_l"}},{"shape_attributes":{"name":"polyline","all_points_x":[53,62,68,71,65,60,55,53,51,50,53],"all_points_y":[20,26,29,33,39,42,41,33,24,20,20]},"region_attributes":{"CAT":"ear_r"}},{"shape_attributes":{"name":"polyline","all_points_x":[52,50,48,54,62,68,80,91,97,110,118,122,120,116,115,107,89,77,66,57,53],"all_points_y":[53,59,66,76,79,82,87,81,79,81,75,67,55,40,31,27,24,25,26,37,52]},"region_attributes":{"CAT":"head"}},{"shape_attributes":{"name":"polyline","all_points_x":[245,261,273,282,289,289,277,271,264,251,252,261,261,268,264,264,263,255,256,254,250,246,249],"all_points_y":[167,165,161,154,144,128,106,101,98,95,98,113,121,127,134,141,144,143,148,156,162,167,167]},"region_attributes":{"CAT":"tail"}}],"file_attributes":{}},"cat_38.jpeg10780":{"filename":"cat_38.jpeg","size":10780,"regions":[{"shape_attributes":{"name":"polyline","all_points_x":[93,78,66,58,53,45,40,29,25,23,26,29,45,71,84,99,97,94,92],"all_points_y":[197,195,195,195,197,201,202,200,200,206,209,213,213,210,211,209,206,199,197]},"region_attributes":{"CAT":"whiter"}},{"shape_attributes":{"name":"polyline","all_points_x":[129,128,130,135,137,138,139,144,150,157,160,155,154,156,160,161,155,151,141,130,129],"all_points_y":[141,157,174,192,213,219,227,228,228,227,220,207,191,173,160,150,141,135,134,135,143]},"region_attributes":{"CAT":"fpaw_r"}},{"shape_attributes":{"name":"polyline","all_points_x":[167,169,174,172,172,172,181,186,192,191,187,188,195,195,195,188,180,173,168,167],"all_points_y":[155,173,194,203,214,222,222,222,216,212,199,190,166,144,137,132,132,139,149,156]},"region_attributes":{"CAT":"fpaw_l"}},{"shape_attributes":{"name":"polyline","all_points_x":[129,130,136,146,157,169,179,186,188,183,178,169,158,150,141,133,128,129],"all_points_y":[68,81,87,91,92,93,84,74,63,48,41,35,35,39,44,46,61,69]},"region_attributes":{"CAT":"head"}},{"shape_attributes":{"name":"polyline","all_points_x":[168,172,175,176,176,167,160,159,160,165,170],"all_points_y":[19,22,30,39,44,42,41,37,29,20,19]},"region_attributes":{"CAT":"ear_l"}},{"shape_attributes":{"name":"polyline","all_points_x":[119,118,119,125,128,133,136,140,140,133,125,119],"all_points_y":[42,47,50,59,66,68,64,57,51,44,42,42]},"region_attributes":{"CAT":"ear_r"}},{"shape_attributes":{"name":"polyline","all_points_x":[131,128,119,118,130,134,134,131],"all_points_y":[98,104,113,119,123,111,104,98]},"region_attributes":{"CAT":"whiter"}}],"file_attributes":{}},"cat_39.jpg502865":{"filename":"cat_39.jpg","size":502865,"regions":[{"shape_attributes":{"name":"polyline","all_points_x":[364,344,347,354,352,358,456,505,522,543,547,523,503,491,467,443,420,400,393,373,366,363],"all_points_y":[239,261,275,285,317,398,418,426,418,347,316,263,242,229,215,210,215,228,230,229,235,239]},"region_attributes":{"CAT":"head"}},{"shape_attributes":{"name":"polyline","all_points_x":[576,585,574,552,542,527,518,500,498,525,542,564,577],"all_points_y":[229,239,264,315,327,299,273,250,243,249,237,229,230]},"region_attributes":{"CAT":"ear_r"}},{"shape_attributes":{"name":"polyline","all_points_x":[496,498,499,493,484,451,425,413,414,416,442,459,480,491,496],"all_points_y":[180,195,258,323,339,345,332,317,286,272,251,247,203,184,182]},"region_attributes":{"CAT":"ear_l"}},{"shape_attributes":{"name":"polyline","all_points_x":[245,258,279,283,297,309,322,317,346,400,441,453,379,354,325,294,273,244,231,239,244,244],"all_points_y":[766,763,751,730,709,712,721,749,756,741,714,675,627,641,638,631,660,709,742,763,765,766]},"region_attributes":{"CAT":"fpaw_l"}},{"shape_attributes":{"name":"polyline","all_points_x":[591,613,636,787,834,922,960,991,1003,1015,1010,998,962,922,837,790,730,656,584,552,562,591,592],"all_points_y":[956,977,984,997,1006,1026,1042,1068,1095,1138,1157,1157,1133,1104,1098,1086,1062,1072,1048,1035,1000,969,957]},"region_attributes":{"CAT":"tail"}},{"shape_attributes":{"name":"polyline","all_points_x":[451,479,516,501,520,516,509,469,422,410,417,427,450,451],"all_points_y":[483,502,493,513,569,619,638,649,629,601,554,521,481,484]},"region_attributes":{"CAT":"whiter"}}],"file_attributes":{}},"cat_40.jpeg10715":{"filename":"cat_40.jpeg","size":10715,"regions":[{"shape_attributes":{"name":"polyline","all_points_x":[114,111,110,110,115,130,137,138,134,114],"all_points_y":[52,37,22,9,9,29,34,42,48,52]},"region_attributes":{"CAT":"ear_r"}},{"shape_attributes":{"name":"polyline","all_points_x":[174,183,195,208,212,217,208,210,202,197,194,185,176,175,175],"all_points_y":[37,36,31,24,20,25,39,53,64,65,55,49,45,39,37]},"region_attributes":{"CAT":"ear_l"}},{"shape_attributes":{"name":"polyline","all_points_x":[110,113,128,140,150,158,168,184,191,204,206,206,196,181,167,143,137,117,110,108,110,112],"all_points_y":[86,96,106,116,117,117,116,108,102,88,80,63,45,38,35,33,33,45,58,68,87,90]},"region_attributes":{"CAT":"head"}},{"shape_attributes":{"name":"polyline","all_points_x":[104,75,60,33,6,1,1,1,21,32,45,55,78,96,111,118,120,104],"all_points_y":[101,108,118,129,129,129,203,208,208,203,196,195,174,174,168,149,126,102]},"region_attributes":{"CAT":"fpaw_r"}},{"shape_attributes":{"name":"polyline","all_points_x":[211,230,237,262,277,299,299,299,280,266,231,217,199,186,185,193,203,212],"all_points_y":[116,124,129,131,130,118,205,209,208,206,189,184,190,183,166,152,127,116]},"region_attributes":{"CAT":"fpaw_l"}}],"file_attributes":{}},"cat_41.jpeg14506":{"filename":"cat_41.jpeg","size":14506,"regions":[{"shape_attributes":{"name":"polyline","all_points_x":[71,65,62,59,57,60,64,76,85,98,101,105,102,88,71],"all_points_y":[69,55,42,24,17,9,7,10,18,33,39,44,53,67,68]},"region_attributes":{"CAT":"ear_r"}},{"shape_attributes":{"name":"polyline","all_points_x":[145,152,159,165,175,180,186,187,185,182,174,161,145,144],"all_points_y":[38,26,16,7,2,0,8,22,54,60,59,47,42,38]},"region_attributes":{"CAT":"ear_l"}},{"shape_attributes":{"name":"polyline","all_points_x":[68,64,65,74,91,108,127,147,165,181,187,191,185,182,174,151,131,110,100,80,70,67],"all_points_y":[79,88,101,120,138,142,142,139,133,117,102,86,66,60,46,36,34,35,34,48,65,82]},"region_attributes":{"CAT":"head"}},{"shape_attributes":{"name":"polyline","all_points_x":[94,96,105,123,133,137,137,172,174,172,170,167,154,136,110,94],"all_points_y":[216,223,236,256,275,296,299,300,298,272,253,244,216,213,216,216]},"region_attributes":{"CAT":"fpaw_r"}},{"shape_attributes":{"name":"polyline","all_points_x":[178,178,185,196,195,199,231,233,240,223,211,202,189,180,177,178],"all_points_y":[222,240,265,280,291,298,300,294,254,192,183,180,200,222,221,224]},"region_attributes":{"CAT":"fpaw_l"}},{"shape_attributes":{"name":"polyline","all_points_x":[267,276,285,293,299,299,295,285,281,281,275,271,268,265,269],"all_points_y":[102,100,97,88,82,123,130,134,137,128,118,112,107,102,102]},"region_attributes":{"CAT":"tail"}},{"shape_attributes":{"name":"polyline","all_points_x":[187,198,212,218,218,201,193,189,188,193,189,187,188],"all_points_y":[65,61,66,75,105,106,106,104,99,85,74,64,65]},"region_attributes":{"CAT":"whiter"}}],"file_attributes":{}},"cat_42.jpg80374":{"filename":"cat_42.jpg","size":80374,"regions":[{"shape_attributes":{"name":"polyline","all_points_x":[601,601,639,648,652,651,644,652,668,685,702,706,718,712,702,673,646,628,602,598],"all_points_y":[659,681,717,747,832,837,901,919,923,902,862,823,775,702,656,651,651,652,656,659]},"region_attributes":{"CAT":"tail"}},{"shape_attributes":{"name":"polyline","all_points_x":[483,496,517,516,508,503,483,464,441,424,410,392,387,401,429,443,452,463,471,482],"all_points_y":[313,313,305,293,286,277,269,270,281,301,323,355,401,438,425,415,371,357,338,313]},"region_attributes":{"CAT":"fpaw_r"}},{"shape_attributes":{"name":"polyline","all_points_x":[545,556,549,546,528,511,503,503,509,522,545,535,530],"all_points_y":[306,301,267,256,242,244,259,269,287,303,307,308,305]},"region_attributes":{"CAT":"fpaw_l"}},{"shape_attributes":{"name":"polyline","all_points_x":[301,301,304,311,318,329,348,368,374,400,413,427,442,437,425,400,379,362,339,324,318,305,301],"all_points_y":[251,279,317,327,333,348,353,338,320,304,288,268,254,229,211,202,200,200,201,212,217,243,252]},"region_attributes":{"CAT":"head"}},{"shape_attributes":{"name":"polyline","all_points_x":[280,290,302,307,302,293,286,279],"all_points_y":[291,264,245,289,309,302,299,292]},"region_attributes":{"CAT":"ear_r"}},{"shape_attributes":{"name":"polyline","all_points_x":[350,367,378,378,368,347,343,353],"all_points_y":[192,187,187,204,207,204,199,192]},"region_attributes":{"CAT":"ear_l"}}],"file_attributes":{}},"cat_43.jpg70504":{"filename":"cat_43.jpg","size":70504,"regions":[{"shape_attributes":{"name":"polyline","all_points_x":[3,22,60,136,200,240,265,267,242,202,167,122,59,17,0,3],"all_points_y":[392,400,400,394,369,377,370,290,288,293,301,319,343,343,338,394]},"region_attributes":{}},{"shape_attributes":{"name":"polyline","all_points_x":[772,797,825,840,890,891,897,890,873,866,829,800,766,753,760,772],"all_points_y":[468,473,481,476,450,434,395,383,361,360,343,344,353,401,434,470]},"region_attributes":{}},{"shape_attributes":{"name":"polyline","all_points_x":[856,860,865,859,859,832,809,822,828,843,862],"all_points_y":[307,305,316,344,361,357,344,330,324,312,307]},"region_attributes":{}},{"shape_attributes":{"name":"polyline","all_points_x":[862,843,839,814,817,829,848,873,870],"all_points_y":[423,429,445,432,414,397,400,409,419]},"region_attributes":{}},{"shape_attributes":{"name":"polyline","all_points_x":[682,735,738,729,696,657,643,651,680],"all_points_y":[377,369,417,446,439,440,432,375,374]},"region_attributes":{}}],"file_attributes":{}},"cat_44.jpeg8282":{"filename":"cat_44.jpeg","size":8282,"regions":[{"shape_attributes":{"name":"polyline","all_points_x":[56,59,68,78,96,98,137,122,115,105,97,97,103,102,86,61,58,58,56],"all_points_y":[164,185,198,201,215,224,224,197,190,186,183,176,166,148,141,138,151,162,166]},"region_attributes":{"CAT":"fpaw_r"}},{"shape_attributes":{"name":"polyline","all_points_x":[145,157,168,167,168,176,187,191,200,206,208,207,200,183,181,177,168,158,149,139,139,144,146],"all_points_y":[181,192,200,206,211,220,224,224,224,224,216,207,194,184,164,146,136,123,123,138,148,167,182]},"region_attributes":{"CAT":"fpaw_l"}},{"shape_attributes":{"name":"polyline","all_points_x":[218,230,239,254,266,268,256,246,240,228,218,218],"all_points_y":[64,67,70,75,84,90,88,87,79,73,64,64]},"region_attributes":{"CAT":"tail"}},{"shape_attributes":{"name":"polyline","all_points_x":[44,48,54,61,68,76,93,106,121,133,137,129,124,118,107,97,88,80,70,59,52,44],"all_points_y":[77,89,96,104,112,109,111,104,96,85,71,57,52,45,38,35,35,36,40,47,54,78]},"region_attributes":{"CAT":"head"}},{"shape_attributes":{"name":"polyline","all_points_x":[107,112,116,119,118,110,98,88,94,100,107],"all_points_y":[11,18,24,38,51,48,44,40,21,15,12]},"region_attributes":{"CAT":"ear_l"}},{"shape_attributes":{"name":"polyline","all_points_x":[31,37,53,60,54,46,37,27,24,25,27,32],"all_points_y":[50,50,51,52,67,77,70,62,59,55,51,50]},"region_attributes":{"CAT":"ear_r"}}],"file_attributes":{}},"cat_45.jpeg8612":{"filename":"cat_45.jpeg","size":8612,"regions":[{"shape_attributes":{"name":"polyline","all_points_x":[28,26,34,39,55,68,78,87,85,78,82,88,96,103,118,126,126,101,91,79,64,55,46,33,28],"all_points_y":[56,67,75,76,72,63,64,68,74,85,99,115,110,100,91,92,78,35,30,29,29,33,39,47,55]},"region_attributes":{"CAT":"tail"}},{"shape_attributes":{"name":"polyline","all_points_x":[160,154,153,153,157,168,180,191,204,219,230,238,230,223,212,197,186,182,173,162,158],"all_points_y":[66,74,83,90,104,114,121,122,119,108,98,86,63,56,53,52,50,50,55,64,67]},"region_attributes":{"CAT":"head"}},{"shape_attributes":{"name":"polyline","all_points_x":[220,223,225,227,228,223,204,198,205,208,217,221],"all_points_y":[35,38,46,61,72,73,65,57,45,37,32,35]},"region_attributes":{"CAT":"ear_l"}},{"shape_attributes":{"name":"polyline","all_points_x":[161,167,170,178,182,180,172,165,160,160,160,158,158,160],"all_points_y":[32,34,40,47,50,58,63,67,68,54,38,35,33,33]},"region_attributes":{"CAT":"ear_r"}},{"shape_attributes":{"name":"polyline","all_points_x":[149,157,158,172,176,175,184,185,192,201,209,213,207,204,207,205,195,192,183,164,148],"all_points_y":[178,203,221,245,260,267,289,293,296,296,294,288,276,269,236,220,202,184,177,170,179]},"region_attributes":{"CAT":"fpaw_r"}}],"file_attributes":{}},"cat_46.jpeg6653":{"filename":"cat_46.jpeg","size":6653,"regions":[{"shape_attributes":{"name":"polyline","all_points_x":[11,11,20,35,46,63,104,118,126,120,120,123,118,113,93,80,66,55,47,35,26,16,10,10],"all_points_y":[75,81,86,96,108,106,108,110,111,99,84,77,77,77,78,78,78,71,65,63,63,66,74,79]},"region_attributes":{"CAT":"tail"}},{"shape_attributes":{"name":"polyline","all_points_x":[159,164,178,191,198,215,223,219,208,204,194,188,186,184,172,169,165,160,160],"all_points_y":[127,128,134,136,137,137,135,125,123,122,113,110,102,96,94,101,114,122,127]},"region_attributes":{"CAT":"fpaw_r"}},{"shape_attributes":{"name":"polyline","all_points_x":[231,244,266,283,288,288,284,274,264,255,246,248,233,225,219,218,220,233],"all_points_y":[135,135,136,135,131,122,113,112,113,111,105,99,100,106,112,117,126,136]},"region_attributes":{"CAT":"fpaw_l"}},{"shape_attributes":{"name":"polyline","all_points_x":[185,182,182,190,201,212,225,239,248,248,245,235,226,212,206,198,188,185],"all_points_y":[49,65,73,80,84,88,86,79,74,60,52,40,34,34,34,37,47,50]},"region_attributes":{"CAT":"head"}},{"shape_attributes":{"name":"polyline","all_points_x":[242,243,245,245,244,238,227,224,228,236,242],"all_points_y":[16,23,30,40,50,50,40,37,29,22,17]},"region_attributes":{"CAT":"ear_l"}},{"shape_attributes":{"name":"polyline","all_points_x":[188,193,204,206,197,188,184,184,184,186,186],"all_points_y":[20,26,34,40,47,50,46,30,20,18,18]},"region_attributes":{"CAT":"ear_r"}}],"file_attributes":{}},"cat_47.jpeg14521":{"filename":"cat_47.jpeg","size":14521,"regions":[{"shape_attributes":{"name":"polyline","all_points_x":[32,50,65,83,105,113,119,108,92,86,76,65,49,35,15,9,13,24,32],"all_points_y":[67,88,87,82,78,79,79,91,96,103,109,118,120,119,114,102,90,80,68]},"region_attributes":{"CAT":"tail"}},{"shape_attributes":{"name":"polyline","all_points_x":[195,190,191,193,201,201,202,211,218,223,221,221,224,228,225,216,209,200,194,196,196,194,193],"all_points_y":[135,142,146,158,169,174,181,181,180,173,170,158,150,144,129,116,112,107,109,118,126,134,138]},"region_attributes":{"CAT":"fpaw_r"}},{"shape_attributes":{"name":"polyline","all_points_x":[252,252,251,262,272,273,273,276,276,276,269,258,250,246,245,247,247],"all_points_y":[155,166,178,185,183,172,162,151,136,123,119,115,127,134,149,152,154]},"region_attributes":{"CAT":"fpaw_l"}},{"shape_attributes":{"name":"polyline","all_points_x":[216,214,220,227,239,250,255,262,270,277,279,282,270,261,252,240,228,222,216,214],"all_points_y":[66,71,86,91,97,103,103,103,97,84,72,64,50,48,46,47,52,54,63,68]},"region_attributes":{"CAT":"head"}},{"shape_attributes":{"name":"polyline","all_points_x":[283,285,284,279,274,267,260,264,272,278,281,283],"all_points_y":[40,44,50,63,63,57,49,46,46,42,41,41]},"region_attributes":{"CAT":"ear_l"}},{"shape_attributes":{"name":"polyline","all_points_x":[229,235,241,244,238,233,228,224,222,223,226,229],"all_points_y":[39,40,48,51,56,59,59,58,54,44,41,39]},"region_attributes":{"CAT":"ear_r"}},{"shape_attributes":{"name":"polyline","all_points_x":[210,210,205,196,187,178,176,184,191,194,206,211,210],"all_points_y":[76,81,84,88,85,81,76,70,69,71,74,74,77]},"region_attributes":{"CAT":"whiter"}}],"file_attributes":{}},"cat_48.jpeg11491":{"filename":"cat_48.jpeg","size":11491,"regions":[{"shape_attributes":{"name":"polyline","all_points_x":[146,143,140,142,148,160,170,174,186,192,202,205,200,193,184,178,174,164,159,152,144],"all_points_y":[41,49,61,70,73,79,82,81,78,72,64,56,43,37,31,29,28,30,30,36,42]},"region_attributes":{}},{"shape_attributes":{"name":"polyline","all_points_x":[193,196,197,198,196,184,177,183,190,194],"all_points_y":[10,10,19,36,44,36,32,20,12,10]},"region_attributes":{}},{"shape_attributes":{"name":"polyline","all_points_x":[145,149,154,162,162,153,148,144,142,144,145,148],"all_points_y":[14,14,18,27,33,41,45,40,27,19,14,14]},"region_attributes":{}},{"shape_attributes":{"name":"polyline","all_points_x":[147,150,157,160,166,170,171,170,172,172,177,184,190,190,183,181,181,179,164,147],"all_points_y":[140,156,173,183,192,207,214,220,223,224,225,223,222,213,196,176,166,148,141,141]},"region_attributes":{}},{"shape_attributes":{"name":"polyline","all_points_x":[197,189,184,186,186,191,196,200,205,208,200,197],"all_points_y":[148,162,171,182,196,196,195,184,156,138,143,149]},"region_attributes":{}},{"shape_attributes":{"name":"polyline","all_points_x":[100,118,129,138,154,166,194,196,204,211,210,204,194,162,152,145,133,118,110,105,105,101,100],"all_points_y":[186,197,199,200,205,204,198,197,198,202,212,217,218,220,221,218,214,215,215,213,206,191,185]},"region_attributes":{}},{"shape_attributes":{"name":"polyline","all_points_x":[142,144,137,127,131,140,142,144],"all_points_y":[87,87,96,107,117,114,109,88]},"region_attributes":{}}],"file_attributes":{}},"cat_49.jpeg7450":{"filename":"cat_49.jpeg","size":7450,"regions":[{"shape_attributes":{"name":"polyline","all_points_x":[118,117,118,126,133,142,149,150,148,147,136,129,124,118],"all_points_y":[97,104,108,114,118,118,111,105,93,89,88,88,90,98]},"region_attributes":{"CAT":"head"}},{"shape_attributes":{"name":"polyline","all_points_x":[140,136,138,137,135,132,137,143,145,146,150,154,156,156,151,146,143,137,140],"all_points_y":[136,142,146,153,164,169,170,169,163,154,148,141,130,120,119,128,134,136,138]},"region_attributes":{"CAT":"fpaw_l"}},{"shape_attributes":{"name":"polyline","all_points_x":[197,201,204,202,201,201,203,205,208,210,211,213,215,216,215,208,204,199,197],"all_points_y":[80,82,82,78,72,62,58,58,62,66,71,74,80,88,88,92,88,83,80]},"region_attributes":{"CAT":"tail"}},{"shape_attributes":{"name":"polyline","all_points_x":[118,115,114,116,122,120,124,128,128,124,124,129,128,120,118],"all_points_y":[131,136,142,149,156,159,161,160,155,146,140,139,137,133,132]},"region_attributes":{"CAT":"fpaw_r"}},{"shape_attributes":{"name":"polyline","all_points_x":[153,156,162,158,150,149,148,148,151,154],"all_points_y":[86,84,96,100,100,96,89,88,87,86]},"region_attributes":{"CAT":"whiter"}},{"shape_attributes":{"name":"polyline","all_points_x":[118,121,125,127,127,122,119,118,117,118],"all_points_y":[84,84,87,91,95,97,98,93,88,84]},"region_attributes":{"CAT":"ear_r"}},{"shape_attributes":{"name":"polyline","all_points_x":[146,148,147,146,144,140,136,137,141,145,146,147],"all_points_y":[80,82,85,90,92,92,90,86,84,81,80,81]},"region_attributes":{"CAT":"ear_l"}}],"file_attributes":{}},"cat_50.jpeg8179":{"filename":"cat_50.jpeg","size":8179,"regions":[{"shape_attributes":{"name":"polyline","all_points_x":[57,54,30,16,14,14,19,28,46,78,106,123,118,106,91,80,65,54,49,50,60,67,60,56],"all_points_y":[118,123,134,145,150,160,166,172,178,176,175,170,160,154,150,151,152,156,150,148,147,144,128,118]},"region_attributes":{"CAT":"tail"}},{"shape_attributes":{"name":"polyline","all_points_x":[206,210,221,234,240,248,252,259,267,269,269,269,270,271,268,261,254,235,225,212,206,206,207],"all_points_y":[120,136,142,146,148,152,152,152,143,139,132,128,126,116,107,99,88,79,81,95,111,120,122]},"region_attributes":{"CAT":"head"}},{"shape_attributes":{"name":"polyline","all_points_x":[162,153,165,182,186,198,199,191,184,175,167,163],"all_points_y":[58,67,77,85,82,78,70,63,60,57,52,57]},"region_attributes":{"CAT":"whiter"}},{"shape_attributes":{"name":"polyline","all_points_x":[239,246,254,264,265,256,256,252,244,235,240],"all_points_y":[79,75,72,65,67,80,94,96,87,82,78]},"region_attributes":{"CAT":"ear_l"}},{"shape_attributes":{"name":"polyline","all_points_x":[215,208,202,206,212,219,228,235,229,223,221,216],"all_points_y":[82,88,98,109,114,107,105,97,90,82,82,82]},"region_attributes":{"CAT":"ear_r"}},{"shape_attributes":{"name":"polyline","all_points_x":[126,125,130,145,158,163,168,174,179,186,191,186,182,177,173,170,163,168,165,144,125],"all_points_y":[100,108,123,146,164,174,177,177,178,178,174,163,159,154,143,137,132,119,108,104,101]},"region_attributes":{"CAT":"fpaw_r"}},{"shape_attributes":{"name":"polyline","all_points_x":[195,201,201,207,221,224,221,215,207,204,201,195],"all_points_y":[151,157,161,163,163,158,149,146,139,146,150,151]},"region_attributes":{"CAT":"fpaw_l"}}],"file_attributes":{}},"cat_51.jpeg7684":{"filename":"cat_51.jpeg","size":7684,"regions":[{"shape_attributes":{"name":"polyline","all_points_x":[1,5,10,17,23,33,45,59,74,78,83,84,74,70,61,57,32,18,9,4,1],"all_points_y":[85,91,91,91,88,88,86,86,84,84,82,70,55,53,61,65,70,75,75,79,86]},"region_attributes":{"CAT":"fpaw_r"}},{"shape_attributes":{"name":"polyline","all_points_x":[42,46,53,60,72,88,103,105,96,87,83,75,64,54,49,46,43,41,43],"all_points_y":[117,121,122,120,112,104,96,80,75,77,82,89,98,105,109,109,112,117,119]},"region_attributes":{"CAT":"fpaw_l"}},{"shape_attributes":{"name":"polyline","all_points_x":[210,208,208,213,222,228,241,254,276,282,287,287,286,282,280,274,270,255,232,220,210,210],"all_points_y":[120,101,92,95,105,115,130,136,145,148,153,159,165,165,162,158,155,150,138,129,121,119]},"region_attributes":{"CAT":"tail"}},{"shape_attributes":{"name":"polyline","all_points_x":[126,129,134,138,147,144,136,126,120,119,121,125],"all_points_y":[41,42,42,43,49,58,62,57,57,52,40,40]},"region_attributes":{"CAT":"whiter"}},{"shape_attributes":{"name":"polyline","all_points_x":[78,78,85,90,99,102,106,113,117,116,115,115,106,100,95,91,87,84,78],"all_points_y":[32,41,51,56,61,62,60,49,38,30,27,23,17,16,17,18,19,21,33]},"region_attributes":{"CAT":"head"}},{"shape_attributes":{"name":"polyline","all_points_x":[119,120,116,114,109,104,103,108,114,118,120],"all_points_y":[9,9,20,26,22,18,16,14,10,9,9]},"region_attributes":{"CAT":"ear_l"}},{"shape_attributes":{"name":"polyline","all_points_x":[77,79,81,85,86,82,78,77,76,76,77],"all_points_y":[19,19,19,22,26,36,36,29,24,21,18]},"region_attributes":{"CAT":"ear_r"}}],"file_attributes":{}},"cat_52.jpeg13189":{"filename":"cat_52.jpeg","size":13189,"regions":[{"shape_attributes":{"name":"polyline","all_points_x":[96,109,126,132,131,128,112,102,93,85,80,72,68,70,77,82,88,95,96],"all_points_y":[94,91,79,66,47,36,29,27,28,30,32,46,59,70,83,86,90,93,93]},"region_attributes":{"CAT":"head"}},{"shape_attributes":{"name":"polyline","all_points_x":[131,132,129,126,123,117,112,108,108,111,118,125,128,131],"all_points_y":[24,31,37,47,48,44,42,41,38,33,27,24,24,24]},"region_attributes":{"CAT":"ear_l"}},{"shape_attributes":{"name":"polyline","all_points_x":[61,65,70,73,83,87,87,78,72,69,67,64,62,61,61],"all_points_y":[22,22,23,24,28,31,37,44,49,45,37,30,26,23,23]},"region_attributes":{"CAT":"ear_r"}},{"shape_attributes":{"name":"polyline","all_points_x":[189,185,183,182,179,179,177,184,198,203,206,206,207,212,217,221,221,204,190,188],"all_points_y":[147,161,181,195,210,225,242,253,249,239,224,216,209,179,169,161,155,147,147,149]},"region_attributes":{"CAT":"tail"}},{"shape_attributes":{"name":"polyline","all_points_x":[104,124,133,137,133,133,136,144,141,132,132,127,117,109,106,109,111,116,116,114,115,112,109,104,104,104],"all_points_y":[125,108,108,116,128,134,148,161,168,180,187,196,197,195,191,185,183,183,176,169,160,145,136,129,126,124]},"region_attributes":{"CAT":"fpaw_l"}},{"shape_attributes":{"name":"polyline","all_points_x":[146,149,155,163,169,176,173,161,154,141,144,147,147],"all_points_y":[53,50,52,52,52,53,66,77,73,68,61,52,52]},"region_attributes":{"CAT":"whiter"}}],"file_attributes":{}},"cat_53.jpeg10721":{"filename":"cat_53.jpeg","size":10721,"regions":[{"shape_attributes":{"name":"polyline","all_points_x":[1,8,17,25,34,41,55,62,70,75,80,83,79,71,62,54,52,47,39,27,21,3,0,1],"all_points_y":[218,218,213,206,190,174,163,160,151,143,157,173,179,179,178,181,190,201,210,223,224,225,222,218]},"region_attributes":{"CAT":"tail"}},{"shape_attributes":{"name":"polyline","all_points_x":[155,162,165,170,174,185,195,195,192,185,185,180,177,172,173,171,169,150,154],"all_points_y":[136,147,159,169,175,179,179,174,170,166,166,158,149,138,122,117,114,120,137]},"region_attributes":{"CAT":"fpaw_r"}},{"shape_attributes":{"name":"polyline","all_points_x":[175,174,181,186,196,196,200,200,195,190,187,183,183,182,176],"all_points_y":[122,138,157,166,174,174,172,167,161,160,151,138,129,122,120]},"region_attributes":{"CAT":"fpaw_l"}},{"shape_attributes":{"name":"polyline","all_points_x":[152,152,160,169,179,188,192,199,203,203,201,202,202,200,196,193,188,181,173,166,159,155,152,151,152],"all_points_y":[52,66,71,75,78,78,77,71,65,58,57,55,50,47,42,39,35,33,34,34,41,45,52,54,57]},"region_attributes":{"CAT":"head"}},{"shape_attributes":{"name":"polyline","all_points_x":[199,193,186,187,194,199,201,199,198],"all_points_y":[23,28,34,37,43,43,29,23,23]},"region_attributes":{"CAT":"ear_l"}},{"shape_attributes":{"name":"polyline","all_points_x":[149,146,146,149,149,151,153,160,166,167,168,163,156,151,148],"all_points_y":[23,27,32,40,43,50,54,48,44,39,35,30,25,22,24]},"region_attributes":{"CAT":"ear_r"}},{"shape_attributes":{"name":"polyline","all_points_x":[146,149,149,142,135,129,123,120,122,130,135,142,145,146],"all_points_y":[75,82,94,96,99,99,100,93,85,83,81,81,77,76]},"region_attributes":{"CAT":"whiter"}}],"file_attributes":{}},"cat_54.jpeg14444":{"filename":"cat_54.jpeg","size":14444,"regions":[{"shape_attributes":{"name":"polyline","all_points_x":[84,76,73,65,62,64,69,76,82,84,89,90,94,98,102,98,93,89,88,86,89,93,96,93,92,89,84],"all_points_y":[15,24,40,51,62,75,86,92,106,107,105,95,90,89,88,81,75,67,60,54,43,39,32,30,25,18,16]},"region_attributes":{"CAT":"tail"}},{"shape_attributes":{"name":"polyline","all_points_x":[101,103,104,106,106,108,110,111,111,113,120,121,121,118,121,123,123,119,107,101],"all_points_y":[144,155,163,173,181,186,191,192,193,196,197,190,180,169,160,155,147,144,144,145]},"region_attributes":{"CAT":"fpaw_r"}},{"shape_attributes":{"name":"polyline","all_points_x":[128,128,128,128,131,132,134,140,150,152,150,147,143,143,142,143,143,146,143,138,133,126,128],"all_points_y":[164,167,172,180,186,191,195,196,196,195,192,188,185,182,174,166,157,150,150,150,150,160,166]},"region_attributes":{"CAT":"fpaw_l"}},{"shape_attributes":{"name":"polyline","all_points_x":[144,151,156,164,173,176,177,175,173,173,170,167,158,153,144,139,135,133,134,140,144],"all_points_y":[110,115,117,120,117,115,109,104,103,95,88,86,81,81,83,84,91,95,103,109,110]},"region_attributes":{"CAT":"head"}},{"shape_attributes":{"name":"polyline","all_points_x":[119,112,109,114,121,125,127,123,121,122,118],"all_points_y":[95,99,101,106,110,106,101,101,100,97,95]},"region_attributes":{"CAT":"whiter"}},{"shape_attributes":{"name":"polyline","all_points_x":[164,159,153,151,155,159,164,167,166,164],"all_points_y":[73,76,81,82,83,84,80,77,74,73]},"region_attributes":{"CAT":"ear_l"}},{"shape_attributes":{"name":"polyline","all_points_x":[167,169,168,165,165,162,159,157,160,158,167,169],"all_points_y":[78,78,83,87,91,92,91,86,84,84,77,78]},"region_attributes":{"CAT":"ear_r"}}],"file_attributes":{}},"cat_55.jpeg12882":{"filename":"cat_55.jpeg","size":12882,"regions":[{"shape_attributes":{"name":"polyline","all_points_x":[51,36,21,7,5,7,19,24,38,48,51,54,55,45,37,34,29,26,37,38,45,55,61,67,50],"all_points_y":[128,123,106,83,63,42,22,20,26,31,40,53,69,71,68,63,55,53,77,85,94,100,101,114,128]},"region_attributes":{"CAT":"tail"}},{"shape_attributes":{"name":"polyline","all_points_x":[101,107,108,108,109,116,113,111,115,127,139,146,146,141,141,141,135,137,141,137,103],"all_points_y":[191,205,222,237,248,262,273,279,285,288,285,284,279,263,249,239,224,210,197,182,191]},"region_attributes":{"CAT":"fpaw_r"}},{"shape_attributes":{"name":"polyline","all_points_x":[164,160,160,166,169,171,174,182,199,210,213,208,201,197,193,185,190,190,180,163],"all_points_y":[184,200,215,236,250,261,268,274,274,270,265,259,253,253,253,240,208,192,182,185]},"region_attributes":{"CAT":"fpaw_l"}},{"shape_attributes":{"name":"polyline","all_points_x":[120,120,126,137,139,148,156,166,184,191,207,213,213,209,199,191,179,164,155,145,131,119],"all_points_y":[100,110,122,131,137,145,149,149,140,137,128,113,97,87,78,73,69,69,67,67,79,101]},"region_attributes":{"CAT":"head"}},{"shape_attributes":{"name":"polyline","all_points_x":[209,215,218,218,208,203,192,181,179,193,197,206,209],"all_points_y":[42,47,57,71,91,95,88,78,73,56,51,44,43]},"region_attributes":{"CAT":"ear_l"}},{"shape_attributes":{"name":"polyline","all_points_x":[138,143,151,154,146,132,123,121,124,126,133,140],"all_points_y":[35,43,56,69,75,95,95,84,51,39,33,37]},"region_attributes":{"CAT":"ear_r"}}],"file_attributes":{}},"cat_56.jpeg13950":{"filename":"cat_56.jpeg","size":13950,"regions":[{"shape_attributes":{"name":"polyline","all_points_x":[117,113,117,122,139,155,166,189,201,197,195,181,167,151,135,123,117],"all_points_y":[54,79,92,105,107,112,111,107,87,71,56,41,38,38,38,47,55]},"region_attributes":{"CAT":"head"}},{"shape_attributes":{"name":"polyline","all_points_x":[147,146,146,148,143,141,151,162,167,171,173,187,192,189,177,167,158,147],"all_points_y":[169,194,209,220,239,250,254,253,250,239,222,192,168,161,163,167,167,169]},"region_attributes":{"CAT":"fpaw_l"}},{"shape_attributes":{"name":"polyline","all_points_x":[111,114,114,111,101,95,95,99,113,127,139,139,141,132,117,107,107,112],"all_points_y":[191,209,222,228,230,236,239,246,249,245,220,197,177,172,171,163,176,197]},"region_attributes":{"CAT":"fpaw_r"}},{"shape_attributes":{"name":"polyline","all_points_x":[198,202,202,194,185,177,175,197],"all_points_y":[38,39,46,65,63,52,43,37]},"region_attributes":{"CAT":"ear_l"}},{"shape_attributes":{"name":"polyline","all_points_x":[127,130,139,141,132,122,116,116,116,123,128],"all_points_y":[24,27,35,46,55,55,53,35,24,23,24]},"region_attributes":{"CAT":"ear_r"}},{"shape_attributes":{"name":"polyline","all_points_x":[85,83,86,96,97,97,100,113,115,101,85],"all_points_y":[189,201,211,219,226,231,229,225,218,212,191]},"region_attributes":{"CAT":"tail"}}],"file_attributes":{}},"cat_57.jpeg6205":{"filename":"cat_57.jpeg","size":6205,"regions":[{"shape_attributes":{"name":"polyline","all_points_x":[28,28,27,27,32,38,48,54,60,62,62,72,63,52,46,38,32,24,19,16,16,19,24,29],"all_points_y":[88,81,74,69,61,59,55,56,58,62,65,50,44,42,42,44,48,54,61,71,77,83,87,89]},"region_attributes":{}},{"shape_attributes":{"name":"polyline","all_points_x":[82,87,91,97,101,103,101,97,97,103,107,112,115,115,113,113,112,111,104,96,90,85,82],"all_points_y":[99,107,111,121,135,142,147,149,154,156,156,153,152,143,127,118,112,106,105,101,101,97,98]},"region_attributes":{}},{"shape_attributes":{"name":"polyline","all_points_x":[121,117,119,119,117,115,115,121,126,130,131,131,131,128,132,138,139,129,120],"all_points_y":[107,115,121,132,142,145,152,157,159,157,156,151,145,139,126,111,104,105,108]},"region_attributes":{}},{"shape_attributes":{"name":"polyline","all_points_x":[100,101,107,115,120,124,135,144,147,146,139,132,125,119,113,108,103,99,100],"all_points_y":[59,52,44,41,39,39,42,50,58,68,74,77,82,83,82,79,74,69,58]},"region_attributes":{}},{"shape_attributes":{"name":"polyline","all_points_x":[138,140,145,147,151,152,150,148,144,141,135,131,130,134,140],"all_points_y":[42,36,32,32,32,39,51,58,61,57,51,49,47,42,36]},"region_attributes":{}},{"shape_attributes":{"name":"polyline","all_points_x":[108,112,115,118,120,120,116,107,105,102,102,102,105,108,109],"all_points_y":[24,25,32,37,43,46,46,49,49,49,41,35,25,24,24]},"region_attributes":{}}],"file_attributes":{}},"cat_60.jpg205901":{"filename":"cat_60.jpg","size":205901,"regions":[],"file_attributes":{}},"cat_5.jpeg341230":{"filename":"cat_5.jpeg","size":341230,"regions":[{"shape_attributes":{"name":"polyline","all_points_x":[421,429,434,464,478,503,537,576,592,597,592,558,531,529,513,500,481,476,466,454,445,426,421],"all_points_y":[650,600,557,503,450,434,422,436,466,495,503,508,531,566,599,636,665,689,689,671,665,658,651]},"region_attributes":{"CAT":"tail"}},{"shape_attributes":{"name":"polyline","all_points_x":[224,221,261,292,309,324,351,369,387,400,402,402,416,421,418,408,400,389,367,348,319,303,285,262,238,224],"all_points_y":[798,839,871,886,907,920,936,939,929,924,904,887,869,851,818,803,776,752,741,733,733,730,739,755,781,797]},"region_attributes":{"CAT":"head"}},{"shape_attributes":{"name":"polyline","all_points_x":[447,441,429,411,399,388,376,367,377,396,412,427,442,448],"all_points_y":[734,743,759,780,790,775,760,748,739,738,733,730,730,735]},"region_attributes":{"CAT":"ear_l"}},{"shape_attributes":{"name":"polyline","all_points_x":[278,273,284,292,312,331,339,341,342,315,290,277,276],"all_points_y":[822,794,775,765,765,771,784,812,824,821,821,824,823]},"region_attributes":{"CAT":"ear_r"}},{"shape_attributes":{"name":"polyline","all_points_x":[244,253,262,284,295,313,323,323,312,303,299,296,297,305,313,334,346,357,366,366,365,360,360,333,292,278,244],"all_points_y":[915,942,962,977,985,1031,1077,1098,1101,1104,1112,1125,1135,1144,1146,1151,1139,1130,1108,1089,1052,999,966,955,946,934,915]},"region_attributes":{"CAT":"fpaw_r"}},{"shape_attributes":{"name":"polyline","all_points_x":[404,418,418,422,423,439,452,462,471,472,465,465,471,466,456,439,425,419,403,405],"all_points_y":[948,981,1024,1064,1092,1113,1115,1111,1103,1085,1055,1003,959,915,882,876,898,924,947,950]},"region_attributes":{"CAT":"fpaw_l"}},{"shape_attributes":{"name":"polyline","all_points_x":[300,320,347,384,373,362,321],"all_points_y":[725,704,712,713,739,739,730]},"region_attributes":{"CAT":"whiter"}}],"file_attributes":{}},"cat_32.jpeg167215":{"filename":"cat_32.jpeg","size":167215,"regions":[{"shape_attributes":{"name":"polyline","all_points_x":[507,473,455,517,685,815,1045,1068,1068,1034,965,931,879,830,758,724,703,639,502],"all_points_y":[623,670,755,820,835,856,869,778,698,634,603,559,509,494,486,502,494,517,628]},"region_attributes":{"CAT":"head"}},{"shape_attributes":{"name":"polyline","all_points_x":[535,561,618,641,657,634,564,533,512,512,530],"all_points_y":[466,471,499,528,556,587,631,628,551,504,455]},"region_attributes":{"CAT":"ear_r"}},{"shape_attributes":{"name":"polyline","all_points_x":[434,445,504,512,675,675,678,696,706,716,662,584,525,460,429],"all_points_y":[1285,1394,1544,1591,1598,1523,1435,1347,1293,1221,1182,1164,1164,1208,1291]},"region_attributes":{"CAT":"fpaw_r"}},{"shape_attributes":{"name":"polyline","all_points_x":[771,763,791,846,918,996,1047,1009,954,773],"all_points_y":[1596,1482,1389,1278,1252,1309,1402,1495,1593,1593]},"region_attributes":{"CAT":"fpaw_l"}}],"file_attributes":{}},"cat_33.jpeg100704":{"filename":"cat_33.jpeg","size":100704,"regions":[{"shape_attributes":{"name":"polyline","all_points_x":[580,627,650,677,689,679,659,632,602,550,540,532,550,582],"all_points_y":[211,201,212,242,278,306,331,338,338,316,299,266,226,212]},"region_attributes":{"CAT":"head"}},{"shape_attributes":{"name":"polyline","all_points_x":[515,528,557,582,570,542,533,520,508,508,515],"all_points_y":[172,172,197,219,234,266,256,219,197,179,172]},"region_attributes":{"CAT":"ear_r"}},{"shape_attributes":{"name":"polyline","all_points_x":[667,670,674,677,674,647,629,642,655,667],"all_points_y":[147,157,166,214,241,219,209,172,155,149]},"region_attributes":{"CAT":"ear_l"}},{"shape_attributes":{"name":"polyline","all_points_x":[988,991,998,1027,1050,1115,1175,1195,1202,1189,1169,1139,1088,1060,1060,1058,1032,1008,991,986],"all_points_y":[498,535,625,696,754,811,811,806,787,764,762,752,707,600,490,476,463,465,493,503]},"region_attributes":{"CAT":"tail"}},{"shape_attributes":{"name":"polyline","all_points_x":[664,704,724,732,739,729,762,774,782,782,776,736,712,679,660],"all_points_y":[445,473,495,550,589,625,620,592,488,453,428,408,408,433,445]},"region_attributes":{"CAT":"fpaw_l"}},{"shape_attributes":{"name":"polyline","all_points_x":[726,756,762,794,814,831,809,756,711,714,727],"all_points_y":[294,303,311,306,306,316,349,348,343,291,294]},"region_attributes":{}}],"file_attributes":{}},"cat_34.jpeg330911":{"filename":"cat_34.jpeg","size":330911,"regions":[{"shape_attributes":{"name":"polyline","all_points_x":[530,541,582,592,593,620,622,622,622,615,621,613,587,572,435,429,456,473,485,534],"all_points_y":[410,405,423,438,452,466,471,483,493,501,510,520,524,531,501,497,437,421,408,409]},"region_attributes":{"CAT":"head"}},{"shape_attributes":{"name":"polyline","all_points_x":[509,490,481,493,500,509,517,524,526,516,509,510],"all_points_y":[360,394,413,440,451,451,437,421,398,367,362,362]},"region_attributes":{"CAT":"ear_r"}},{"shape_attributes":{"name":"polyline","all_points_x":[252,211,164,107,73,45,16,5,3,54,78,150,226,245,249,246,250,256,268,285,280,251],"all_points_y":[1093,1107,1110,1098,1075,1047,1013,1002,1074,1123,1152,1175,1175,1169,1158,1151,1136,1131,1122,1114,1109,1095]},"region_attributes":{"CAT":"tail"}},{"shape_attributes":{"name":"polyline","all_points_x":[651,716,738,769,815,859,869,856,833,822,799,774,704,669,637,635,651],"all_points_y":[705,674,654,606,536,521,490,477,474,474,492,509,574,579,567,657,705]},"region_attributes":{"CAT":"fpaw_l"}},{"shape_attributes":{"name":"polyline","all_points_x":[415,415,435,467,511,524,531,560,564,580,597,602,589,531,506,487,468,472,451,420,411,416],"all_points_y":[622,650,728,731,705,627,604,617,630,637,626,612,579,541,550,563,593,548,541,554,569,625]},"region_attributes":{"CAT":"fpaw_r"}}],"file_attributes":{}}},"_via_attributes":{"region":{"CAT":{"type":"dropdown","description":"","options":{"ear_r":"","ear_l":"","tail":"","head":"","fpaw_l":"","fpaw_r":"","spine":"","whiter":""},"default_options":{}}},"file":{}},"_via_data_format_version":"2.0.10","_via_image_id_list":["cat_1.jpg321968","cat_2.jpg347750","cat_3.jpg147819","cat_4.jpg127175","cat_6.jpeg8712","cat_7.jpeg6608","cat_8.jpeg11929","cat_9.jpeg7576","cat_10.jpeg8581","cat_11.jpeg15299","cat_12.jpeg7767","cat_13.jpeg12848","cat_14.jpeg11541","cat_15.jpeg8821","cat_16.jpeg19456","cat_17.jpeg7558","cat_18.jpeg10032","cat_19.jpeg11033","cat_20.jpeg11584","cat_21.jpeg8554","cat_22.jpeg8668","cat_23.jpeg11976","cat_24.jpeg12084","cat_25.jpg259556","cat_26.jpg138146","cat_27.jpg279929","cat_28.jpeg16690","cat_29.jpg88769","cat_30.jpg182803","cat_31.jpg184189","cat_35.jpg262523","cat_36.jpeg12228","cat_37.jpeg16909","cat_38.jpeg10780","cat_39.jpg502865","cat_40.jpeg10715","cat_41.jpeg14506","cat_42.jpg80374","cat_43.jpg70504","cat_44.jpeg8282","cat_45.jpeg8612","cat_46.jpeg6653","cat_47.jpeg14521","cat_48.jpeg11491","cat_49.jpeg7450","cat_50.jpeg8179","cat_51.jpeg7684","cat_52.jpeg13189","cat_53.jpeg10721","cat_54.jpeg14444","cat_55.jpeg12882","cat_56.jpeg13950","cat_57.jpeg6205","cat_60.jpg205901","cat_5.jpeg341230","cat_32.jpeg167215","cat_33.jpeg100704","cat_34.jpeg330911"]}